id,cover_url
f313866f-4f51-4a77-8678-8b74337bd8a0,https://dbmbrwmygpnhjyyccbjp.supabase.co/storage/v1/object/public/images/books/covers/f313866f-4f51-4a77-8678-8b74337bd8a0/1771952559467-kz2c0e.webp
97aacdf9-29e0-40c6-9309-317111d30e0b,https://dbmbrwmygpnhjyyccbjp.supabase.co/storage/v1/object/public/images/books/97aacdf9-29e0-40c6-9309-317111d30e0b/cover/1771532448095-vc2skg.webp
f0d9c100-80e2-436f-8dbc-300d4c10713c,https://dbmbrwmygpnhjyyccbjp.supabase.co/storage/v1/object/public/images/books/f0d9c100-80e2-436f-8dbc-300d4c10713c/cover/1773311624442-qw9k.webp
641bb63f-fee8-4bbc-af6e-dc2ce7a5a389,https://dbmbrwmygpnhjyyccbjp.supabase.co/storage/v1/object/public/images/books/641bb63f-fee8-4bbc-af6e-dc2ce7a5a389/cover/1774434300546-ijpf2i.webp
88865ed5-0527-47a4-ae89-f520282eda80,https://dbmbrwmygpnhjyyccbjp.supabase.co/storage/v1/object/public/images/books/88865ed5-0527-47a4-ae89-f520282eda80/cover/1774434314991-k47l3h.webp
f3de4177-c63a-413e-a3bb-21f6c5824fcf,https://dbmbrwmygpnhjyyccbjp.supabase.co/storage/v1/object/public/images/books/f3de4177-c63a-413e-a3bb-21f6c5824fcf/cover/1771954236640-82asuu.webp
1d60364b-2024-45c6-a523-41b812110837,https://dbmbrwmygpnhjyyccbjp.supabase.co/storage/v1/object/public/images/books/1d60364b-2024-45c6-a523-41b812110837/cover/1771584116991-bnh1c9.webp
451cf392-8f39-40db-8a00-7440d356301d,https://dbmbrwmygpnhjyyccbjp.supabase.co/storage/v1/object/public/images/books/451cf392-8f39-40db-8a00-7440d356301d/cover/1771584101631-z0dat.webp
c0508cd0-7b4b-4ec3-b958-bbd944812586,https://dbmbrwmygpnhjyyccbjp.supabase.co/storage/v1/object/public/images/books/covers/c0508cd0-7b4b-4ec3-b958-bbd944812586/1771862059934-jthhyo.jpg
4687e31f-3af5-428d-9372-a28a84ff0717,https://dbmbrwmygpnhjyyccbjp.supabase.co/storage/v1/object/public/images/books/4687e31f-3af5-428d-9372-a28a84ff0717/cover/1771954242789-oqkpdd.webp
c9b1fe61-9e21-4ef8-bbaf-2a49b7e5e2ea,https://dbmbrwmygpnhjyyccbjp.supabase.co/storage/v1/object/public/images/books/c9b1fe61-9e21-4ef8-bbaf-2a49b7e5e2ea/cover/1771584083600-9uqs3o.webp
dce9cba0-6cfa-47ed-83b3-04f8ad4b29e6,https://dbmbrwmygpnhjyyccbjp.supabase.co/storage/v1/object/public/images/books/dce9cba0-6cfa-47ed-83b3-04f8ad4b29e6/cover/1771584064753-9rfs2g.webp
0f917b05-d139-437c-9709-11ae06d14a5f,https://dbmbrwmygpnhjyyccbjp.supabase.co/storage/v1/object/public/images/books/0f917b05-d139-437c-9709-11ae06d14a5f/cover/1771584114124-7zhgjc.webp
cabfd90d-db40-4092-aa75-d5c200821a63,https://dbmbrwmygpnhjyyccbjp.supabase.co/storage/v1/object/public/images/books/cabfd90d-db40-4092-aa75-d5c200821a63/cover/1771954253799-uv92usj.webp
93f32db5-4dc4-47bd-9d3f-a86f46dbb987,https://dbmbrwmygpnhjyyccbjp.supabase.co/storage/v1/object/public/images/books/93f32db5-4dc4-47bd-9d3f-a86f46dbb987/cover/1771954259110-4gp3j.webp
5055ca93-fb59-4651-9bda-93318052d3f3,https://dbmbrwmygpnhjyyccbjp.supabase.co/storage/v1/object/public/images/books/5055ca93-fb59-4651-9bda-93318052d3f3/cover/1771445741488-7wpkoe.webp
0e2166c6-950d-4879-9a1b-94b814ab9c77,https://dbmbrwmygpnhjyyccbjp.supabase.co/storage/v1/object/public/images/books/0e2166c6-950d-4879-9a1b-94b814ab9c77/cover/1771584118764-q1rn0b.webp
5e463a0c-f4be-4013-ae70-dc9e738ddc1b,https://dbmbrwmygpnhjyyccbjp.supabase.co/storage/v1/object/public/images/books/5e463a0c-f4be-4013-ae70-dc9e738ddc1b/cover/1773311638105-sdqkxm.webp
f1da07d2-84fb-49a0-aab9-f6378ef6c5a3,https://dbmbrwmygpnhjyyccbjp.supabase.co/storage/v1/object/public/images/books/f1da07d2-84fb-49a0-aab9-f6378ef6c5a3/cover/1773311631318-vc2ohd.webp
43885d95-6ee5-4e34-baa0-050a53d0d7ab,https://dbmbrwmygpnhjyyccbjp.supabase.co/storage/v1/object/public/images/books/43885d95-6ee5-4e34-baa0-050a53d0d7ab/cover/1771954275573-fvz1pf.webp
c2cfdeca-1e4c-463e-85cd-25c9883953bf,https://dbmbrwmygpnhjyyccbjp.supabase.co/storage/v1/object/public/images/books/c2cfdeca-1e4c-463e-85cd-25c9883953bf/cover/1771954264997-9gc1g.webp
3e35ba42-17a6-4215-8687-9835045ca88d,https://dbmbrwmygpnhjyyccbjp.supabase.co/storage/v1/object/public/images/books/3e35ba42-17a6-4215-8687-9835045ca88d/cover/1771954270088-xogxg.webp
35d12009-7fdc-4ec1-baac-6962036317ff,https://dbmbrwmygpnhjyyccbjp.supabase.co/storage/v1/object/public/images/books/35d12009-7fdc-4ec1-baac-6962036317ff/cover/1771445772462-e5mg9o.webp
6148fd1d-90f6-4dfa-87ac-55223a15f4f6,https://dbmbrwmygpnhjyyccbjp.supabase.co/storage/v1/object/public/images/books/6148fd1d-90f6-4dfa-87ac-55223a15f4f6/cover/1771445809491-j9u1f8.webp
c0153c5e-7875-4cb8-a00e-7079d4b60f50,https://dbmbrwmygpnhjyyccbjp.supabase.co/storage/v1/object/public/images/books/covers/c0153c5e-7875-4cb8-a00e-7079d4b60f50/1771585901678-il0u2b.webp
bac1d5e5-3011-4866-bde5-353a6ad300b2,https://dbmbrwmygpnhjyyccbjp.supabase.co/storage/v1/object/public/images/books/bac1d5e5-3011-4866-bde5-353a6ad300b2/cover/1771445794944-2wizqo.webp
14c38df9-bddd-4717-b8b4-d9ae0c9b0023,https://dbmbrwmygpnhjyyccbjp.supabase.co/storage/v1/object/public/images/books/14c38df9-bddd-4717-b8b4-d9ae0c9b0023/cover/1771445768374-2usjss.webp
c50e5621-791c-43d5-8fa6-955aa2da043c,https://dbmbrwmygpnhjyyccbjp.supabase.co/storage/v1/object/public/images/books/c50e5621-791c-43d5-8fa6-955aa2da043c/cover/1773163853528-g5ypf.webp
b837902b-aabb-4efe-88ac-3ef11631da54,https://dbmbrwmygpnhjyyccbjp.supabase.co/storage/v1/object/public/images/books/b837902b-aabb-4efe-88ac-3ef11631da54/cover/1773163858181-i5kw.webp
26999daa-93d3-447b-b191-794721f62473,https://dbmbrwmygpnhjyyccbjp.supabase.co/storage/v1/object/public/images/books/26999daa-93d3-447b-b191-794721f62473/cover/1773311657187-kqahoyq.webp
115b4bf2-8a8e-4387-b2e7-ccdfda4ae1f6,https://dbmbrwmygpnhjyyccbjp.supabase.co/storage/v1/object/public/images/books/115b4bf2-8a8e-4387-b2e7-ccdfda4ae1f6/cover/1773311652636-c52cb2.webp
59602f93-849e-45ed-9e81-f0223269c3ac,https://dbmbrwmygpnhjyyccbjp.supabase.co/storage/v1/object/public/images/books/59602f93-849e-45ed-9e81-f0223269c3ac/cover/1773163868138-zwlxbm.webp
7f08d5df-aa86-4b43-b444-1e2b06e25835,https://dbmbrwmygpnhjyyccbjp.supabase.co/storage/v1/object/public/images/books/7f08d5df-aa86-4b43-b444-1e2b06e25835/cover/1771528159914-hff66.webp
1a134f81-9b3e-4eac-8a58-c26a54931e41,https://dbmbrwmygpnhjyyccbjp.supabase.co/storage/v1/object/public/images/books/1a134f81-9b3e-4eac-8a58-c26a54931e41/cover/1773311668360-1jj95.webp
c7077b3d-0e65-45cf-84d4-c51eb4ef0a84,https://dbmbrwmygpnhjyyccbjp.supabase.co/storage/v1/object/public/images/books/c7077b3d-0e65-45cf-84d4-c51eb4ef0a84/cover/1771954286879-32w56d.webp
e6d3b4e4-7e44-4419-b25f-203911f377be,https://dbmbrwmygpnhjyyccbjp.supabase.co/storage/v1/object/public/images/books/e6d3b4e4-7e44-4419-b25f-203911f377be/cover/1773311675288-jvkjr.webp
d4e5f849-4443-46b6-8a84-570b3b686e07,https://dbmbrwmygpnhjyyccbjp.supabase.co/storage/v1/object/public/images/books/d4e5f849-4443-46b6-8a84-570b3b686e07/cover/1773311662701-hilpc.webp
98bc808a-9a70-46e2-a001-2d8ad4c795f4,https://dbmbrwmygpnhjyyccbjp.supabase.co/storage/v1/object/public/images/books/covers/98bc808a-9a70-46e2-a001-2d8ad4c795f4/1771666772783-16mnq.jpg
e9c4abf6-ea6d-44b2-b194-4f06f428b69e,https://dbmbrwmygpnhjyyccbjp.supabase.co/storage/v1/object/public/images/books/e9c4abf6-ea6d-44b2-b194-4f06f428b69e/cover/1771486323296-12616.webp
00796b8a-4d65-497a-ba32-23106e8acb7a,https://dbmbrwmygpnhjyyccbjp.supabase.co/storage/v1/object/public/images/books/covers/00796b8a-4d65-497a-ba32-23106e8acb7a/1771666464978-fty1xc.jpg
8ec1956e-506a-4e76-a406-8bea2450e0b2,https://dbmbrwmygpnhjyyccbjp.supabase.co/storage/v1/object/public/images/books/covers/8ec1956e-506a-4e76-a406-8bea2450e0b2/1771666922566-3t5yh.jpg
dc1c187a-7708-4941-bbb9-03a9c59c1809,https://dbmbrwmygpnhjyyccbjp.supabase.co/storage/v1/object/public/images/books/dc1c187a-7708-4941-bbb9-03a9c59c1809/cover/1773163877424-buhllc.webp
c162b838-e8b1-4988-9074-35181dc35569,https://dbmbrwmygpnhjyyccbjp.supabase.co/storage/v1/object/public/images/books/c162b838-e8b1-4988-9074-35181dc35569/cover/1773163881767-kg649.webp
78c8c89f-608a-45fa-b5da-496829944ff4,https://dbmbrwmygpnhjyyccbjp.supabase.co/storage/v1/object/public/images/books/78c8c89f-608a-45fa-b5da-496829944ff4/cover/1773163872768-qpn70v.webp
3174c2c3-535a-495b-825c-3f4770c6b51e,https://dbmbrwmygpnhjyyccbjp.supabase.co/storage/v1/object/public/images/books/3174c2c3-535a-495b-825c-3f4770c6b51e/cover/1771524091768-h1k6a.webp
60721d32-d662-4ecd-8593-1e066faf80bf,https://dbmbrwmygpnhjyyccbjp.supabase.co/storage/v1/object/public/images/books/60721d32-d662-4ecd-8593-1e066faf80bf/cover/1771486124137-xfui1.webp
82cf086c-dd15-4c2c-8a54-cdf9db99ce24,https://dbmbrwmygpnhjyyccbjp.supabase.co/storage/v1/object/public/images/books/82cf086c-dd15-4c2c-8a54-cdf9db99ce24/cover/1773163886708-n60kep.webp
03bbbb5d-f42a-4f53-9f73-61937ce6824e,https://dbmbrwmygpnhjyyccbjp.supabase.co/storage/v1/object/public/images/books/covers/03bbbb5d-f42a-4f53-9f73-61937ce6824e/1771873086686-85938l.png
bb20e496-dfb0-4fa1-98f7-20dda0e47a7d,https://dbmbrwmygpnhjyyccbjp.supabase.co/storage/v1/object/public/images/books/bb20e496-dfb0-4fa1-98f7-20dda0e47a7d/cover/1773163891840-ggbkb8.webp
418ba468-c692-442e-b0ef-89566e0fa205,https://dbmbrwmygpnhjyyccbjp.supabase.co/storage/v1/object/public/images/books/418ba468-c692-442e-b0ef-89566e0fa205/cover/1773311693545-s63gr.webp
3c44b1b2-543c-4568-850a-4f58884047ca,https://dbmbrwmygpnhjyyccbjp.supabase.co/storage/v1/object/public/images/books/3c44b1b2-543c-4568-850a-4f58884047ca/cover/1771445801770-h4eckf.webp
857e53a8-c227-4a0f-a0b1-9a054bbde4fe,https://dbmbrwmygpnhjyyccbjp.supabase.co/storage/v1/object/public/images/books/857e53a8-c227-4a0f-a0b1-9a054bbde4fe/cover/1771531554477-c0zzzf.webp
107e57b7-1854-4c47-8cc3-9c215f010d5b,https://dbmbrwmygpnhjyyccbjp.supabase.co/storage/v1/object/public/images/books/107e57b7-1854-4c47-8cc3-9c215f010d5b/cover/1771584047176-amew7w.webp
33013308-4f2e-4805-9757-2139370497c0,https://dbmbrwmygpnhjyyccbjp.supabase.co/storage/v1/object/public/images/books/33013308-4f2e-4805-9757-2139370497c0/cover/1771487069667-651ex.webp
e01e83e7-6ce8-442f-b930-c4781c0f390c,https://dbmbrwmygpnhjyyccbjp.supabase.co/storage/v1/object/public/images/books/covers/e01e83e7-6ce8-442f-b930-c4781c0f390c/1771936344648-se7i43.jpg
a895a620-bebf-4b6c-9058-99421e4bb3ff,https://dbmbrwmygpnhjyyccbjp.supabase.co/storage/v1/object/public/images/books/a895a620-bebf-4b6c-9058-99421e4bb3ff/cover/1771954420691-n43jz6.webp
a91ca904-42f1-417f-bb40-e4c6351cc216,https://dbmbrwmygpnhjyyccbjp.supabase.co/storage/v1/object/public/images/books/a91ca904-42f1-417f-bb40-e4c6351cc216/cover/1771487081753-qusbio.webp
ce69b33d-4083-4902-95d2-cb98b9e6464b,https://dbmbrwmygpnhjyyccbjp.supabase.co/storage/v1/object/public/images/books/ce69b33d-4083-4902-95d2-cb98b9e6464b/cover/1771445747067-55bgs.webp
131b093f-61c8-4bf6-99e0-4723a8ea9947,https://dbmbrwmygpnhjyyccbjp.supabase.co/storage/v1/object/public/images/books/131b093f-61c8-4bf6-99e0-4723a8ea9947/cover/1773163906205-v3v1n.webp
c6b3d240-68ce-4bfc-aa02-576680347c7e,https://dbmbrwmygpnhjyyccbjp.supabase.co/storage/v1/object/public/images/books/c6b3d240-68ce-4bfc-aa02-576680347c7e/cover/1773163896674-fa28k.webp
553e7be3-1ab5-4b14-8b9d-552a11f97187,https://dbmbrwmygpnhjyyccbjp.supabase.co/storage/v1/object/public/images/books/553e7be3-1ab5-4b14-8b9d-552a11f97187/cover/1773163901080-iwg7hh.webp
b56131e9-e772-43f4-be08-cc79b9df8e7e,https://dbmbrwmygpnhjyyccbjp.supabase.co/storage/v1/object/public/images/books/b56131e9-e772-43f4-be08-cc79b9df8e7e/cover/1771487086085-7ervg.webp
86e98389-0e78-44d5-a3c9-0a615f6dff62,https://dbmbrwmygpnhjyyccbjp.supabase.co/storage/v1/object/public/images/books/86e98389-0e78-44d5-a3c9-0a615f6dff62/cover/1773163916246-atphkn.webp
05ed66c7-ef09-499f-8adc-0789fa4c23a2,https://dbmbrwmygpnhjyyccbjp.supabase.co/storage/v1/object/public/images/books/05ed66c7-ef09-499f-8adc-0789fa4c23a2/cover/1771445763492-mgtvfw.webp
52c9b231-3a11-4752-a42a-0d0859889f26,https://dbmbrwmygpnhjyyccbjp.supabase.co/storage/v1/object/public/images/books/52c9b231-3a11-4752-a42a-0d0859889f26/cover/1773311705035-ftkchr.webp
429052ed-6021-420e-8421-c083954df9e0,https://dbmbrwmygpnhjyyccbjp.supabase.co/storage/v1/object/public/images/books/429052ed-6021-420e-8421-c083954df9e0/cover/1774434275939-s2m5r8.webp
00353eea-ac3c-43e4-971c-15b48b68f938,https://dbmbrwmygpnhjyyccbjp.supabase.co/storage/v1/object/public/images/books/00353eea-ac3c-43e4-971c-15b48b68f938/cover/1771487095361-zfgdi.webp
467a9b5e-8d2f-492c-9699-d85102aa5740,https://dbmbrwmygpnhjyyccbjp.supabase.co/storage/v1/object/public/images/books/467a9b5e-8d2f-492c-9699-d85102aa5740/cover/1771445786693-9smw7.webp
a8dc1e0c-98dd-40c0-9bde-4efaf39468f5,https://dbmbrwmygpnhjyyccbjp.supabase.co/storage/v1/object/public/images/books/a8dc1e0c-98dd-40c0-9bde-4efaf39468f5/cover/1771445753010-oysetf.webp
70bda005-d7a8-4088-861c-a234df5e9f4e,https://dbmbrwmygpnhjyyccbjp.supabase.co/storage/v1/object/public/images/books/70bda005-d7a8-4088-861c-a234df5e9f4e/cover/1771445779819-m9mpi.webp
6943f971-012c-41c2-83e9-223c264aed53,https://dbmbrwmygpnhjyyccbjp.supabase.co/storage/v1/object/public/images/books/6943f971-012c-41c2-83e9-223c264aed53/cover/1771518975665-4twqei.webp
a98fc7b3-21df-4b98-a641-65a58f328279,https://dbmbrwmygpnhjyyccbjp.supabase.co/storage/v1/object/public/images/books/a98fc7b3-21df-4b98-a641-65a58f328279/cover/1771518920978-le191o.webp
d0000f6f-45e9-4bc7-85d3-e44e55c5187b,https://dbmbrwmygpnhjyyccbjp.supabase.co/storage/v1/object/public/images/books/d0000f6f-45e9-4bc7-85d3-e44e55c5187b/cover/1771523239276-tdapiq.webp
b2b68ed7-49ef-41c8-bfe3-187513156e37,https://dbmbrwmygpnhjyyccbjp.supabase.co/storage/v1/object/public/images/books/b2b68ed7-49ef-41c8-bfe3-187513156e37/cover/1771523777793-do649h.webp
ed45083b-e365-4e7e-b7db-c39350c1c581,https://dbmbrwmygpnhjyyccbjp.supabase.co/storage/v1/object/public/images/books/ed45083b-e365-4e7e-b7db-c39350c1c581/cover/1773311699542-qhhh3q.webp
679f10b2-71f1-402b-a3ee-60b2e1c7d799,https://dbmbrwmygpnhjyyccbjp.supabase.co/storage/v1/object/public/images/books/679f10b2-71f1-402b-a3ee-60b2e1c7d799/cover/1773311688396-2bwb2.webp
14ce6ca5-7942-493c-b128-7096c0555487,https://dbmbrwmygpnhjyyccbjp.supabase.co/storage/v1/object/public/images/books/14ce6ca5-7942-493c-b128-7096c0555487/cover/1773311681600-5k69.webp
809d0d29-8897-4490-93fb-bcf9961b87e3,https://dbmbrwmygpnhjyyccbjp.supabase.co/storage/v1/object/public/images/books/809d0d29-8897-4490-93fb-bcf9961b87e3/cover/1774434331670-me2nol.webp
b0b58a2d-ede6-4290-bcc1-0ea41833d816,https://dbmbrwmygpnhjyyccbjp.supabase.co/storage/v1/object/public/images/books/b0b58a2d-ede6-4290-bcc1-0ea41833d816/cover/1771954436325-fvm9p.webp
f4abd9bc-570f-48ce-8bb8-f40488e17ce6,https://dbmbrwmygpnhjyyccbjp.supabase.co/storage/v1/object/public/images/books/covers/f4abd9bc-570f-48ce-8bb8-f40488e17ce6/1771861568854-0y5rh.png
6be700ba-0506-4b26-be4e-9522932e73b0,https://dbmbrwmygpnhjyyccbjp.supabase.co/storage/v1/object/public/images/books/6be700ba-0506-4b26-be4e-9522932e73b0/cover/1771954438951-swaln4.webp
d2035558-0f86-4d4b-8ace-eb14457108ac,https://dbmbrwmygpnhjyyccbjp.supabase.co/storage/v1/object/public/images/books/d2035558-0f86-4d4b-8ace-eb14457108ac/cover/1771954432246-benc28.webp
db1aa132-8848-4e84-8b62-987006fe5ee1,https://dbmbrwmygpnhjyyccbjp.supabase.co/storage/v1/object/public/images/books/db1aa132-8848-4e84-8b62-987006fe5ee1/cover/1773311645925-c02gib.webp
0ff5a30b-cec9-491b-a838-6b06bd308c31,https://dbmbrwmygpnhjyyccbjp.supabase.co/storage/v1/object/public/images/books/0ff5a30b-cec9-491b-a838-6b06bd308c31/cover/1774434345035-08vuqs.webp
6609f31f-1126-405d-a907-6ce1f2f39a0d,https://dbmbrwmygpnhjyyccbjp.supabase.co/storage/v1/object/public/images/books/6609f31f-1126-405d-a907-6ce1f2f39a0d/cover/1774434251143-8gvnk.webp
cf1428ca-7e10-40ec-a4c0-2b83db8c09c5,https://dbmbrwmygpnhjyyccbjp.supabase.co/storage/v1/object/public/images/books/cf1428ca-7e10-40ec-a4c0-2b83db8c09c5/cover/1771954442312-ivugng.webp
63c131de-038c-49f7-8114-61585364c0d6,https://dbmbrwmygpnhjyyccbjp.supabase.co/storage/v1/object/public/images/books/63c131de-038c-49f7-8114-61585364c0d6/cover/1771531574580-8orr8d.webp
f67fd2fb-6812-4dbf-bf51-5eb719fb0b9f,https://dbmbrwmygpnhjyyccbjp.supabase.co/storage/v1/object/public/images/books/covers/f67fd2fb-6812-4dbf-bf51-5eb719fb0b9f/1771852164662-f97h6.jpg
0e0f5914-1b2c-452a-9efe-8b7948e86b87,https://dbmbrwmygpnhjyyccbjp.supabase.co/storage/v1/object/public/images/books/covers/0e0f5914-1b2c-452a-9efe-8b7948e86b87/1771852254254-9jlkbp.jpg
c1fda395-0110-4680-9b4b-a12cd6cc98ed,https://dbmbrwmygpnhjyyccbjp.supabase.co/storage/v1/object/public/images/books/covers/c1fda395-0110-4680-9b4b-a12cd6cc98ed/1771852101008-9afyag.jpg
72e95f79-1f26-47e9-9a6f-fb4a1cc84000,https://dbmbrwmygpnhjyyccbjp.supabase.co/storage/v1/object/public/images/books/covers/72e95f79-1f26-47e9-9a6f-fb4a1cc84000/1771852052738-chwbr.jpg
2e52d022-573f-451b-8b56-c13dc7552010,https://dbmbrwmygpnhjyyccbjp.supabase.co/storage/v1/object/public/images/books/covers/2e52d022-573f-451b-8b56-c13dc7552010/1771852303473-tr96rk.jpg
04ff1bed-6f80-4533-a3e7-88a7733205ee,https://dbmbrwmygpnhjyyccbjp.supabase.co/storage/v1/object/public/images/books/covers/04ff1bed-6f80-4533-a3e7-88a7733205ee/1771852012107-zmz14.jpg
3dce4b78-e572-4a67-a4eb-63c6b7cd4871,https://dbmbrwmygpnhjyyccbjp.supabase.co/storage/v1/object/public/images/books/covers/3dce4b78-e572-4a67-a4eb-63c6b7cd4871/1771851847912-nfs8f8.jpeg
dcb51930-fdad-49b6-900a-a49f170170e4,https://dbmbrwmygpnhjyyccbjp.supabase.co/storage/v1/object/public/images/books/covers/dcb51930-fdad-49b6-900a-a49f170170e4/1771851887493-2sfxw.jpg
574a2d44-1ae9-418e-b4ec-bccb21f5346e,https://dbmbrwmygpnhjyyccbjp.supabase.co/storage/v1/object/public/images/books/covers/574a2d44-1ae9-418e-b4ec-bccb21f5346e/1771851927968-lzwtcb.jpg
46f44a82-ea0e-410a-9aef-238bb8f41237,https://dbmbrwmygpnhjyyccbjp.supabase.co/storage/v1/object/public/images/books/46f44a82-ea0e-410a-9aef-238bb8f41237/cover/1771954483380-9ot3mf.webp
a5bb35e8-03c2-4682-b76e-b080da7aa8ca,https://dbmbrwmygpnhjyyccbjp.supabase.co/storage/v1/object/public/images/books/a5bb35e8-03c2-4682-b76e-b080da7aa8ca/cover/1771954494044-zkt9k8.webp
df6288eb-e827-4f17-b9ab-485c46762c6f,https://dbmbrwmygpnhjyyccbjp.supabase.co/storage/v1/object/public/images/books/df6288eb-e827-4f17-b9ab-485c46762c6f/cover/1771954503034-xb84uo.webp
77a07cc5-e9e1-4fc6-a88d-4270a0b3df12,https://dbmbrwmygpnhjyyccbjp.supabase.co/storage/v1/object/public/images/books/77a07cc5-e9e1-4fc6-a88d-4270a0b3df12/cover/1773164429157-lojo43.webp
19fdecf3-0eef-46ba-a972-99d4451e967d,https://dbmbrwmygpnhjyyccbjp.supabase.co/storage/v1/object/public/images/books/19fdecf3-0eef-46ba-a972-99d4451e967d/cover/1771954523195-k2z2ti.webp
587eff30-57be-41e2-a158-274a692c0291,https://dbmbrwmygpnhjyyccbjp.supabase.co/storage/v1/object/public/images/books/587eff30-57be-41e2-a158-274a692c0291/cover/1771954512729-yikynx.webp
f0a2f5a3-a841-40fa-9308-2f5448463c57,https://dbmbrwmygpnhjyyccbjp.supabase.co/storage/v1/object/public/images/books/covers/f0a2f5a3-a841-40fa-9308-2f5448463c57/1773322539399-ap7lha.jpg
903870d6-9a90-4665-a7d6-979c0f1dfbdd,https://dbmbrwmygpnhjyyccbjp.supabase.co/storage/v1/object/public/images/books/903870d6-9a90-4665-a7d6-979c0f1dfbdd/cover/1771852655631-vusdup.webp
5e847950-b340-4762-8c26-90aea676d438,https://dbmbrwmygpnhjyyccbjp.supabase.co/storage/v1/object/public/images/books/5e847950-b340-4762-8c26-90aea676d438/cover/1771852648460-ysx2c.webp
89d1137c-9e37-4521-9389-9cc3c5d83aea,https://dbmbrwmygpnhjyyccbjp.supabase.co/storage/v1/object/public/images/books/89d1137c-9e37-4521-9389-9cc3c5d83aea/cover/1771954531265-87iwe.webp
b79faa6f-df9b-494c-86ce-f32051a508ec,https://dbmbrwmygpnhjyyccbjp.supabase.co/storage/v1/object/public/images/books/b79faa6f-df9b-494c-86ce-f32051a508ec/cover/1771954536403-sgd9j.webp
d40a3c28-192c-4726-a5bd-eef85f0ee5dd,https://dbmbrwmygpnhjyyccbjp.supabase.co/storage/v1/object/public/images/books/covers/d40a3c28-192c-4726-a5bd-eef85f0ee5dd/1773322860309-urguwf.jpg
bd3d19aa-f846-451c-a6ba-9a2beb45bd1e,https://dbmbrwmygpnhjyyccbjp.supabase.co/storage/v1/object/public/images/books/bd3d19aa-f846-451c-a6ba-9a2beb45bd1e/cover/1771852667852-q9jk1v.webp
e9326d70-7692-4b66-8625-3f61e2594238,https://dbmbrwmygpnhjyyccbjp.supabase.co/storage/v1/object/public/images/books/e9326d70-7692-4b66-8625-3f61e2594238/cover/1771852661825-c7gmsl.webp
ab091e14-c9b5-44a9-8fce-ae58145becc3,https://dbmbrwmygpnhjyyccbjp.supabase.co/storage/v1/object/public/images/books/ab091e14-c9b5-44a9-8fce-ae58145becc3/cover/1771954549743-seun5s.webp
5a62e719-561f-4c18-a4d0-a344363754ed,https://dbmbrwmygpnhjyyccbjp.supabase.co/storage/v1/object/public/images/books/5a62e719-561f-4c18-a4d0-a344363754ed/cover/1771954542624-menv2x.webp
3047f228-4e08-4e43-b7c9-47c7c21e8109,https://dbmbrwmygpnhjyyccbjp.supabase.co/storage/v1/object/public/images/books/3047f228-4e08-4e43-b7c9-47c7c21e8109/cover/1771852685992-7wyl1b.webp
2e7df5b3-c7a1-44f5-89df-410a477e214c,https://dbmbrwmygpnhjyyccbjp.supabase.co/storage/v1/object/public/images/books/covers/2e7df5b3-c7a1-44f5-89df-410a477e214c/1773400790807-cnue9.jpg
b16622c3-5438-4195-a08d-b63b81f673ac,https://dbmbrwmygpnhjyyccbjp.supabase.co/storage/v1/object/public/images/books/b16622c3-5438-4195-a08d-b63b81f673ac/cover/1771852681697-7npp6.webp
00adab4e-1d4d-4004-9b35-981662908af4,https://dbmbrwmygpnhjyyccbjp.supabase.co/storage/v1/object/public/images/books/covers/00adab4e-1d4d-4004-9b35-981662908af4/1774441137721-br8nxh.webp
065122cc-8630-47d2-a4e6-7da5036bbe36,https://dbmbrwmygpnhjyyccbjp.supabase.co/storage/v1/object/public/images/books/065122cc-8630-47d2-a4e6-7da5036bbe36/cover/1771954417501-dmnwfe.webp
2b8564b6-b36c-40ea-967e-9fe1bd1e3664,https://dbmbrwmygpnhjyyccbjp.supabase.co/storage/v1/object/public/images/books/2b8564b6-b36c-40ea-967e-9fe1bd1e3664/cover/1771954280966-koysk2.webp
e12db41d-7c5b-46dd-bca1-42f4c60c2834,https://dbmbrwmygpnhjyyccbjp.supabase.co/storage/v1/object/public/images/books/covers/e12db41d-7c5b-46dd-bca1-42f4c60c2834/1773649507063-ofv3cv.jpg
e8665f93-4e49-45ea-94a9-f70869520d2c,https://dbmbrwmygpnhjyyccbjp.supabase.co/storage/v1/object/public/images/books/covers/e8665f93-4e49-45ea-94a9-f70869520d2c/1774441162912-uzj.webp
17de2578-211f-4b76-a9ea-6d3219068795,https://dbmbrwmygpnhjyyccbjp.supabase.co/storage/v1/object/public/images/books/17de2578-211f-4b76-a9ea-6d3219068795/cover/1771954292608-4mns6c.webp
0cbd114b-dfe1-4059-a6ca-186e11f2d431,https://dbmbrwmygpnhjyyccbjp.supabase.co/storage/v1/object/public/images/books/0cbd114b-dfe1-4059-a6ca-186e11f2d431/cover/1771852691502-0ld1ny.webp
e27308f4-b481-4c57-ba18-e5a63758a095,https://dbmbrwmygpnhjyyccbjp.supabase.co/storage/v1/object/public/images/books/e27308f4-b481-4c57-ba18-e5a63758a095/cover/1771852675837-jda0tb.webp
800809aa-e711-4bbd-b87d-67a9837c8366,https://dbmbrwmygpnhjyyccbjp.supabase.co/storage/v1/object/public/images/books/800809aa-e711-4bbd-b87d-67a9837c8366/cover/1771852643637-uifl9a.webp
13adfa3c-5094-4261-bc13-34bb193bdb98,https://dbmbrwmygpnhjyyccbjp.supabase.co/storage/v1/object/public/images/books/13adfa3c-5094-4261-bc13-34bb193bdb98/cover/1771954425914-lc7gud.webp
734295ca-0e53-46ca-bbfa-caa6f8dce5da,https://dbmbrwmygpnhjyyccbjp.supabase.co/storage/v1/object/public/images/books/734295ca-0e53-46ca-bbfa-caa6f8dce5da/cover/1771487637257-1sbc4f.webp
9a5fa7d8-0da4-4f37-8b62-c76928d93acf,https://dbmbrwmygpnhjyyccbjp.supabase.co/storage/v1/object/public/images/books/9a5fa7d8-0da4-4f37-8b62-c76928d93acf/cover/1771852670871-kv0j0b.webp
6bcaa3b9-e4e1-4b1f-b17e-1102951f28dd,https://dbmbrwmygpnhjyyccbjp.supabase.co/storage/v1/object/public/images/books/6bcaa3b9-e4e1-4b1f-b17e-1102951f28dd/cover/1771524044229-1e7r8l.webp
fed59858-623f-4459-bf6e-ac5853196b90,https://dbmbrwmygpnhjyyccbjp.supabase.co/storage/v1/object/public/images/books/covers/fed59858-623f-4459-bf6e-ac5853196b90/1771854223341-t07l59.webp
6a7637f0-f2f9-4b38-8064-7019b5604ec9,https://dbmbrwmygpnhjyyccbjp.supabase.co/storage/v1/object/public/images/books/6a7637f0-f2f9-4b38-8064-7019b5604ec9/cover/1771954428927-16rot7.webp
480e09d3-abc9-4208-910a-4fbd6e8317db,https://dbmbrwmygpnhjyyccbjp.supabase.co/storage/v1/object/public/images/books/480e09d3-abc9-4208-910a-4fbd6e8317db/cover/1771524467351-l8d99.webp
ebf87b9e-b1e6-4db2-80e3-9155a356d789,https://dbmbrwmygpnhjyyccbjp.supabase.co/storage/v1/object/public/images/books/ebf87b9e-b1e6-4db2-80e3-9155a356d789/cover/1771853323201-vv2tyt.webp
643ccea2-884b-4cdd-95ce-dfe119b5287e,https://dbmbrwmygpnhjyyccbjp.supabase.co/storage/v1/object/public/images/books/643ccea2-884b-4cdd-95ce-dfe119b5287e/cover/1771853355786-dhsm7.webp
a218e85f-cf8a-4d43-8161-6fef02b78bab,https://dbmbrwmygpnhjyyccbjp.supabase.co/storage/v1/object/public/images/books/a218e85f-cf8a-4d43-8161-6fef02b78bab/cover/1771853423228-2i188d.webp
dabf045d-a1ed-4296-bff7-3ca957b34056,https://dbmbrwmygpnhjyyccbjp.supabase.co/storage/v1/object/public/images/books/dabf045d-a1ed-4296-bff7-3ca957b34056/cover/1771853450081-ve1mnx.webp
9b0670fc-47dd-46d7-a38e-1a3e713cb323,https://dbmbrwmygpnhjyyccbjp.supabase.co/storage/v1/object/public/images/books/9b0670fc-47dd-46d7-a38e-1a3e713cb323/cover/1771853403062-n59xek.webp
d1324c9f-5752-4bda-b5ff-5ead863980ff,https://dbmbrwmygpnhjyyccbjp.supabase.co/storage/v1/object/public/images/books/d1324c9f-5752-4bda-b5ff-5ead863980ff/cover/1771853368239-d36s7i.webp
b8c9cca3-4a3a-48de-a3d9-78980b2cfc87,https://dbmbrwmygpnhjyyccbjp.supabase.co/storage/v1/object/public/images/books/b8c9cca3-4a3a-48de-a3d9-78980b2cfc87/cover/1771853380827-9s8csq.webp
68611e68-2564-4d2b-b36a-c85ab7fae8ed,https://dbmbrwmygpnhjyyccbjp.supabase.co/storage/v1/object/public/images/books/68611e68-2564-4d2b-b36a-c85ab7fae8ed/cover/1771853462599-wp1x4c.webp
b31c30e2-ac01-445c-bf1c-bafeffab5132,https://dbmbrwmygpnhjyyccbjp.supabase.co/storage/v1/object/public/images/books/b31c30e2-ac01-445c-bf1c-bafeffab5132/cover/1771954568169-j68bm5.webp
a8b00124-928c-4284-9b56-d28eb0dd1fd0,https://dbmbrwmygpnhjyyccbjp.supabase.co/storage/v1/object/public/images/books/covers/a8b00124-928c-4284-9b56-d28eb0dd1fd0/1773649605749-woar2j.jpg
709daa8c-509a-4987-acdb-9ca57a9cd4f2,https://dbmbrwmygpnhjyyccbjp.supabase.co/storage/v1/object/public/images/books/covers/709daa8c-509a-4987-acdb-9ca57a9cd4f2/1773650687355-byufc.jpg
ce7b82f9-d04c-4bf4-a1b4-1716f4dc5abe,https://dbmbrwmygpnhjyyccbjp.supabase.co/storage/v1/object/public/images/books/ce7b82f9-d04c-4bf4-a1b4-1716f4dc5abe/cover/1773164458781-b3uu4r.webp
2f720861-1f52-403c-a890-03e5d8bb5842,https://dbmbrwmygpnhjyyccbjp.supabase.co/storage/v1/object/public/images/books/2f720861-1f52-403c-a890-03e5d8bb5842/cover/1773164453764-duz3k.webp
36c16edf-3f2a-4ba0-bbc2-05626ed6d1df,https://dbmbrwmygpnhjyyccbjp.supabase.co/storage/v1/object/public/images/books/36c16edf-3f2a-4ba0-bbc2-05626ed6d1df/cover/1771853340404-qgpsd8.webp
8685a571-83a0-471f-a291-870363b0c32d,https://dbmbrwmygpnhjyyccbjp.supabase.co/storage/v1/object/public/images/books/covers/8685a571-83a0-471f-a291-870363b0c32d/1772730135861-ddl9gl.jpg
62d0d247-8eed-4e3f-a941-e004a7e66338,https://dbmbrwmygpnhjyyccbjp.supabase.co/storage/v1/object/public/images/books/62d0d247-8eed-4e3f-a941-e004a7e66338/cover/1771487519710-ooqpfp.webp
dd650211-f169-4e37-a481-a8b54d710002,https://dbmbrwmygpnhjyyccbjp.supabase.co/storage/v1/object/public/images/books/dd650211-f169-4e37-a481-a8b54d710002/cover/1771487834320-fzajfd.webp
4d3408b7-36b1-4c04-995d-2718de235964,https://dbmbrwmygpnhjyyccbjp.supabase.co/storage/v1/object/public/images/books/covers/4d3408b7-36b1-4c04-995d-2718de235964/1771870821246-qyb2ga.jpeg
4d0eb998-c5c4-40ec-9184-8e400875efc4,https://dbmbrwmygpnhjyyccbjp.supabase.co/storage/v1/object/public/images/books/4d0eb998-c5c4-40ec-9184-8e400875efc4/cover/1771954557914-nrx77j.webp
f8145cc2-69ca-4f24-a036-b0329c7ab82a,https://dbmbrwmygpnhjyyccbjp.supabase.co/storage/v1/object/public/images/books/f8145cc2-69ca-4f24-a036-b0329c7ab82a/cover/1773164509361-6adme.webp
3186d43a-4902-4da1-832e-1f84c50def54,https://dbmbrwmygpnhjyyccbjp.supabase.co/storage/v1/object/public/images/books/3186d43a-4902-4da1-832e-1f84c50def54/cover/1773164492900-zapb16.webp
3f8465d0-0781-47bd-a567-4bf0d7c55417,https://dbmbrwmygpnhjyyccbjp.supabase.co/storage/v1/object/public/images/books/covers/3f8465d0-0781-47bd-a567-4bf0d7c55417/1774441343043-nbzi5s.webp
1cbe3245-9814-4ea4-b6fe-dfbeb482d470,https://dbmbrwmygpnhjyyccbjp.supabase.co/storage/v1/object/public/images/books/covers/1cbe3245-9814-4ea4-b6fe-dfbeb482d470/1774441288395-27j9i.webp
2422b9e5-31a8-4fbb-9e7d-341749d4bc0e,https://dbmbrwmygpnhjyyccbjp.supabase.co/storage/v1/object/public/images/books/covers/2422b9e5-31a8-4fbb-9e7d-341749d4bc0e/1771872986705-x906nn.png
eb0d8deb-cd8c-4fc1-86d9-cc5922f25b75,https://dbmbrwmygpnhjyyccbjp.supabase.co/storage/v1/object/public/images/books/covers/eb0d8deb-cd8c-4fc1-86d9-cc5922f25b75/1771873156762-mh7686.jpg
c918c0ff-1326-4fa8-a0a6-9c34ac4ddfae,https://dbmbrwmygpnhjyyccbjp.supabase.co/storage/v1/object/public/images/books/c918c0ff-1326-4fa8-a0a6-9c34ac4ddfae/cover/1773164548180-9amyxh.webp
8ae6d40b-b3bf-4416-b2a0-4dcd07c6d1e7,https://dbmbrwmygpnhjyyccbjp.supabase.co/storage/v1/object/public/images/books/covers/8ae6d40b-b3bf-4416-b2a0-4dcd07c6d1e7/1773088467380-nb9dw3.jpg
c8acf7e7-e3f1-4e86-8b55-be97fb23e44d,https://dbmbrwmygpnhjyyccbjp.supabase.co/storage/v1/object/public/images/books/c8acf7e7-e3f1-4e86-8b55-be97fb23e44d/cover/1773740631139-xrbqf.webp
bcb46e17-f327-49b0-81da-78fdfc3d5f9c,https://dbmbrwmygpnhjyyccbjp.supabase.co/storage/v1/object/public/images/books/bcb46e17-f327-49b0-81da-78fdfc3d5f9c/cover/1773740614583-qd0mfb.webp
8c29bbdb-bc29-4502-bdc3-de07f3e35c6c,https://dbmbrwmygpnhjyyccbjp.supabase.co/storage/v1/object/public/images/books/8c29bbdb-bc29-4502-bdc3-de07f3e35c6c/cover/1773740625888-rnmf6a.webp
44eff9e8-46af-4ab0-9d49-fe264969b519,https://dbmbrwmygpnhjyyccbjp.supabase.co/storage/v1/object/public/images/books/44eff9e8-46af-4ab0-9d49-fe264969b519/cover/1773740621067-brsu2o.webp
6d6a135c-92e2-424a-9e70-349ea7017537,https://dbmbrwmygpnhjyyccbjp.supabase.co/storage/v1/object/public/images/books/6d6a135c-92e2-424a-9e70-349ea7017537/cover/1773740602902-midzns.webp
78bb00d1-5fb7-4ab1-b006-c9e083448e98,https://dbmbrwmygpnhjyyccbjp.supabase.co/storage/v1/object/public/images/books/78bb00d1-5fb7-4ab1-b006-c9e083448e98/cover/1773740609670-r3piy.webp
d47eece7-ca26-4a0d-bc62-05483b53a61c,https://dbmbrwmygpnhjyyccbjp.supabase.co/storage/v1/object/public/images/books/covers/d47eece7-ca26-4a0d-bc62-05483b53a61c/1771878403327-f2kqra.jpg
9036ba78-8ca8-47a0-81b6-efeba35174bc,https://dbmbrwmygpnhjyyccbjp.supabase.co/storage/v1/object/public/images/books/covers/9036ba78-8ca8-47a0-81b6-efeba35174bc/1771878666058-mdxh9e.jpeg
ed1536b8-0aae-49a0-8a37-cd7571d5ccb7,https://dbmbrwmygpnhjyyccbjp.supabase.co/storage/v1/object/public/images/books/covers/ed1536b8-0aae-49a0-8a37-cd7571d5ccb7/1771878502004-gzfoak.jpg
0437876b-cbf2-4b76-872c-4e37fc4f6074,https://dbmbrwmygpnhjyyccbjp.supabase.co/storage/v1/object/public/images/books/0437876b-cbf2-4b76-872c-4e37fc4f6074/cover/1775115655463-baqva.webp
30026758-6f5a-4a51-83ac-417d65a5c0da,https://dbmbrwmygpnhjyyccbjp.supabase.co/storage/v1/object/public/images/books/covers/30026758-6f5a-4a51-83ac-417d65a5c0da/1774441231927-i27ab.webp
74100ae6-ed68-4a78-8421-4a15b82f82ae,https://dbmbrwmygpnhjyyccbjp.supabase.co/storage/v1/object/public/images/books/74100ae6-ed68-4a78-8421-4a15b82f82ae/cover/1773740591396-y5jqou.webp
651d1ca4-d905-42b5-bbef-54d0546c88d5,https://dbmbrwmygpnhjyyccbjp.supabase.co/storage/v1/object/public/images/books/651d1ca4-d905-42b5-bbef-54d0546c88d5/cover/1771487973501-iv9wc.webp
ad19bddd-9dc1-4b13-a383-24246aca27db,https://dbmbrwmygpnhjyyccbjp.supabase.co/storage/v1/object/public/images/books/covers/ad19bddd-9dc1-4b13-a383-24246aca27db/1771921702344-dr9br.webp
46758f22-1b61-4a9b-92cf-6038142b39cc,https://dbmbrwmygpnhjyyccbjp.supabase.co/storage/v1/object/public/images/books/covers/46758f22-1b61-4a9b-92cf-6038142b39cc/1774442408421-q7nchv.webp
a7ea86d6-eef3-4c22-90f7-26c1c96d048d,https://dbmbrwmygpnhjyyccbjp.supabase.co/storage/v1/object/public/images/books/covers/a7ea86d6-eef3-4c22-90f7-26c1c96d048d/1774442541281-v8rfol.webp
8096d3b0-71bf-48d0-9f6f-fc2c72aa9a0c,https://dbmbrwmygpnhjyyccbjp.supabase.co/storage/v1/object/public/images/books/covers/8096d3b0-71bf-48d0-9f6f-fc2c72aa9a0c/1771921860296-7rj94w.webp
a7f8a4cb-9538-4d70-8f51-743483d98cb7,https://dbmbrwmygpnhjyyccbjp.supabase.co/storage/v1/object/public/images/books/covers/a7f8a4cb-9538-4d70-8f51-743483d98cb7/1773741392127-4ap26g.webp
ae3bbc03-b3d2-4690-a19d-71f054d8b908,https://dbmbrwmygpnhjyyccbjp.supabase.co/storage/v1/object/public/images/books/covers/ae3bbc03-b3d2-4690-a19d-71f054d8b908/1771922067735-zju2qw.webp
a7e3ca08-d4cd-4b00-a85a-45ed600c1553,https://dbmbrwmygpnhjyyccbjp.supabase.co/storage/v1/object/public/images/books/a7e3ca08-d4cd-4b00-a85a-45ed600c1553/cover/1773740636603-381gr.webp
897d2095-81e9-444b-b635-0095ce3e6b28,https://dbmbrwmygpnhjyyccbjp.supabase.co/storage/v1/object/public/images/books/897d2095-81e9-444b-b635-0095ce3e6b28/cover/1773164439011-s6hf.webp
16de6505-6395-488c-8b46-90bd649eeb74,https://dbmbrwmygpnhjyyccbjp.supabase.co/storage/v1/object/public/images/books/covers/16de6505-6395-488c-8b46-90bd649eeb74/1771922682997-iiawu.webp
25451328-7a98-4276-90f5-b0d46b3a7abe,https://dbmbrwmygpnhjyyccbjp.supabase.co/storage/v1/object/public/images/books/covers/25451328-7a98-4276-90f5-b0d46b3a7abe/1771922570514-z8wvon.webp
7f7bb580-0f76-4fa3-a3c7-d263a79e4c2c,https://dbmbrwmygpnhjyyccbjp.supabase.co/storage/v1/object/public/images/books/7f7bb580-0f76-4fa3-a3c7-d263a79e4c2c/cover/1773741945879-e3zl4l.webp
93b255ed-8bdf-48b9-89d2-c38879208a83,https://dbmbrwmygpnhjyyccbjp.supabase.co/storage/v1/object/public/images/books/93b255ed-8bdf-48b9-89d2-c38879208a83/cover/1771487075109-q8c67d.webp
8c51cfbf-f194-4e1c-9340-1882d4f48664,https://dbmbrwmygpnhjyyccbjp.supabase.co/storage/v1/object/public/images/books/8c51cfbf-f194-4e1c-9340-1882d4f48664/cover/1771488058807-jcj5p.webp
d4af0add-8534-410a-bc4a-793efd92a028,https://dbmbrwmygpnhjyyccbjp.supabase.co/storage/v1/object/public/images/books/covers/d4af0add-8534-410a-bc4a-793efd92a028/1773247503038-ynquvi.jpg
7d0ab39b-1c08-4381-b1af-7b39bcc6a42f,https://dbmbrwmygpnhjyyccbjp.supabase.co/storage/v1/object/public/images/books/7d0ab39b-1c08-4381-b1af-7b39bcc6a42f/cover/1771531666464-uqtzng.webp
e60c5332-14e9-476a-8715-3f65b80edfb5,https://dbmbrwmygpnhjyyccbjp.supabase.co/storage/v1/object/public/images/books/e60c5332-14e9-476a-8715-3f65b80edfb5/cover/1771518908150-nfzn8.webp
f63b3bcc-561d-4163-b8fb-2ed53f9a2e36,https://dbmbrwmygpnhjyyccbjp.supabase.co/storage/v1/object/public/images/books/covers/f63b3bcc-561d-4163-b8fb-2ed53f9a2e36/1771926798880-891axl.jpg
317c10a9-04c3-40f2-9fe3-3b1ff052c429,https://dbmbrwmygpnhjyyccbjp.supabase.co/storage/v1/object/public/images/books/covers/317c10a9-04c3-40f2-9fe3-3b1ff052c429/1773247144097-1bijke.jpg
82514a1a-4e18-4362-81fb-3c3ae9814e7d,https://dbmbrwmygpnhjyyccbjp.supabase.co/storage/v1/object/public/images/books/covers/82514a1a-4e18-4362-81fb-3c3ae9814e7d/1773247547688-n5gd4e.jpg
6de28a26-e3d8-4b34-b074-c6f14aff589d,https://dbmbrwmygpnhjyyccbjp.supabase.co/storage/v1/object/public/images/books/covers/6de28a26-e3d8-4b34-b074-c6f14aff589d/1774441416541-0rhptp.webp
d1bd88dd-688d-46e2-8d2c-2b3cf7c98a24,https://dbmbrwmygpnhjyyccbjp.supabase.co/storage/v1/object/public/images/books/covers/d1bd88dd-688d-46e2-8d2c-2b3cf7c98a24/1774442471704-ciq9s.webp
661091d4-7427-49db-8967-05fea3103cc3,https://dbmbrwmygpnhjyyccbjp.supabase.co/storage/v1/object/public/images/books/661091d4-7427-49db-8967-05fea3103cc3/cover/1771531672991-8yxv9t.webp
b6ea3fc2-ffc2-465c-825e-e7278e1c3a07,https://dbmbrwmygpnhjyyccbjp.supabase.co/storage/v1/object/public/images/books/b6ea3fc2-ffc2-465c-825e-e7278e1c3a07/cover/1771518953287-o2bklg.webp
fd683328-9c47-44a6-a85d-392c19a76814,https://dbmbrwmygpnhjyyccbjp.supabase.co/storage/v1/object/public/images/books/fd683328-9c47-44a6-a85d-392c19a76814/cover/1771518992126-vr887.webp
b707ac14-ff5a-407d-a4fe-8c4bcfa3bdcf,https://dbmbrwmygpnhjyyccbjp.supabase.co/storage/v1/object/public/images/books/b707ac14-ff5a-407d-a4fe-8c4bcfa3bdcf/cover/1771518939774-mmtksn.webp
6d9eb4e6-fac3-41df-9d85-084d9f7f8ca1,https://dbmbrwmygpnhjyyccbjp.supabase.co/storage/v1/object/public/images/books/covers/6d9eb4e6-fac3-41df-9d85-084d9f7f8ca1/1773247303935-vgean.jpg
d80b2228-01b4-4312-a8e5-520859d66eb7,https://dbmbrwmygpnhjyyccbjp.supabase.co/storage/v1/object/public/images/books/d80b2228-01b4-4312-a8e5-520859d66eb7/cover/1771519024131-7znyz.webp
e38e46cf-52e5-4871-bbea-fc20636d5e95,https://dbmbrwmygpnhjyyccbjp.supabase.co/storage/v1/object/public/images/books/e38e46cf-52e5-4871-bbea-fc20636d5e95/cover/1771519036753-jtvx6.webp
f4ccd03c-c85f-45f0-ac28-02c39fa00e53,https://dbmbrwmygpnhjyyccbjp.supabase.co/storage/v1/object/public/images/books/f4ccd03c-c85f-45f0-ac28-02c39fa00e53/cover/1771519060926-7rtss8.webp
ff202276-964e-46c8-b1ca-df29c7da709f,https://dbmbrwmygpnhjyyccbjp.supabase.co/storage/v1/object/public/images/books/ff202276-964e-46c8-b1ca-df29c7da709f/cover/1771519075851-onbu5s.webp
b4d7e7e9-3bb4-4053-8303-832a51014ec8,https://dbmbrwmygpnhjyyccbjp.supabase.co/storage/v1/object/public/images/books/b4d7e7e9-3bb4-4053-8303-832a51014ec8/cover/1773741970198-6iv1xm.webp
bc7a0087-1183-4955-8fdc-1ce896933667,https://dbmbrwmygpnhjyyccbjp.supabase.co/storage/v1/object/public/images/books/bc7a0087-1183-4955-8fdc-1ce896933667/cover/1773741982312-7bt2s.webp
4d1d1ad8-39c6-44b7-accd-efe125d4a151,https://dbmbrwmygpnhjyyccbjp.supabase.co/storage/v1/object/public/images/books/covers/4d1d1ad8-39c6-44b7-accd-efe125d4a151/1774512756619-j80sy9.webp
1cbad214-ca29-4af0-a870-6af3f6f83843,https://dbmbrwmygpnhjyyccbjp.supabase.co/storage/v1/object/public/images/books/1cbad214-ca29-4af0-a870-6af3f6f83843/cover/1771519087331-lb48qp.webp
2d94031e-5f8a-4bd1-ac34-ee1520850e34,https://dbmbrwmygpnhjyyccbjp.supabase.co/storage/v1/object/public/images/books/covers/2d94031e-5f8a-4bd1-ac34-ee1520850e34/1771930534886-yyvwvj.jpg
ebfc12e1-a3ab-4e4e-be5e-79053810cf93,https://dbmbrwmygpnhjyyccbjp.supabase.co/storage/v1/object/public/images/books/ebfc12e1-a3ab-4e4e-be5e-79053810cf93/cover/1771519100031-gievtp.webp
e2a87449-8fee-459d-9dd9-8f77f3ed9db3,https://dbmbrwmygpnhjyyccbjp.supabase.co/storage/v1/object/public/images/books/e2a87449-8fee-459d-9dd9-8f77f3ed9db3/cover/1771519111804-rxocr.webp
2a1060ee-9083-4cc7-9c36-920630e44977,https://dbmbrwmygpnhjyyccbjp.supabase.co/storage/v1/object/public/images/books/2a1060ee-9083-4cc7-9c36-920630e44977/cover/1771519124910-613pj.webp
5be1fcbe-9b42-4f05-82e7-e37075d14dde,https://dbmbrwmygpnhjyyccbjp.supabase.co/storage/v1/object/public/images/books/5be1fcbe-9b42-4f05-82e7-e37075d14dde/cover/1771519149385-d0xuaka.webp
81e3e9fd-445e-42d8-890d-60433835481f,https://dbmbrwmygpnhjyyccbjp.supabase.co/storage/v1/object/public/images/books/81e3e9fd-445e-42d8-890d-60433835481f/cover/1771519138449-dgujbg.webp
63c32052-20df-40e7-b5d6-309fe9766f71,https://dbmbrwmygpnhjyyccbjp.supabase.co/storage/v1/object/public/images/books/63c32052-20df-40e7-b5d6-309fe9766f71/cover/1771519161486-mpe5id.webp
1c1515aa-69c7-42fa-a706-47b3929d3459,https://dbmbrwmygpnhjyyccbjp.supabase.co/storage/v1/object/public/images/books/1c1515aa-69c7-42fa-a706-47b3929d3459/cover/1771519219916-d1408.webp
da355ec6-4b4d-4b17-93f3-9cdeee253fc3,https://dbmbrwmygpnhjyyccbjp.supabase.co/storage/v1/object/public/images/books/da355ec6-4b4d-4b17-93f3-9cdeee253fc3/cover/1771930807195-96yv8j.webp
b17c562d-4c7c-47ed-a17b-ac9cc9164330,https://dbmbrwmygpnhjyyccbjp.supabase.co/storage/v1/object/public/images/books/b17c562d-4c7c-47ed-a17b-ac9cc9164330/cover/1771930818365-phsb7f.webp
7fd68820-fef9-43f6-8c9b-7087919f6656,https://dbmbrwmygpnhjyyccbjp.supabase.co/storage/v1/object/public/images/books/7fd68820-fef9-43f6-8c9b-7087919f6656/cover/1773164468042-7amkyn.webp
a914e1b0-aee7-4bd1-ab86-d29fd7c62acf,https://dbmbrwmygpnhjyyccbjp.supabase.co/storage/v1/object/public/images/books/a914e1b0-aee7-4bd1-ab86-d29fd7c62acf/cover/1773163864050-m4sz8c.webp
606dce19-fe9f-40a2-87c2-e509fc414484,https://dbmbrwmygpnhjyyccbjp.supabase.co/storage/v1/object/public/images/books/606dce19-fe9f-40a2-87c2-e509fc414484/cover/1771930814250-ibnfl.webp
d1b7ae44-c92a-4d00-a438-2c9c10f01eb2,https://dbmbrwmygpnhjyyccbjp.supabase.co/storage/v1/object/public/images/books/covers/d1b7ae44-c92a-4d00-a438-2c9c10f01eb2/1774512855309-u58nip.webp
1fbbd53a-f988-43f1-81f4-e377aa168da8,https://dbmbrwmygpnhjyyccbjp.supabase.co/storage/v1/object/public/images/books/covers/1fbbd53a-f988-43f1-81f4-e377aa168da8/1774512832161-gwc96.webp
48be0e85-d5f5-46d4-8af2-542e3dadcbba,https://dbmbrwmygpnhjyyccbjp.supabase.co/storage/v1/object/public/images/books/48be0e85-d5f5-46d4-8af2-542e3dadcbba/cover/1771521155584-ztvrpb.webp
3e9d5057-941a-4a78-adc8-7f6997799f3e,https://dbmbrwmygpnhjyyccbjp.supabase.co/storage/v1/object/public/images/books/3e9d5057-941a-4a78-adc8-7f6997799f3e/cover/1771521111687-m38bah.webp
625ff8a6-cc4a-4d78-a7fa-fde45f92093c,https://dbmbrwmygpnhjyyccbjp.supabase.co/storage/v1/object/public/images/books/625ff8a6-cc4a-4d78-a7fa-fde45f92093c/cover/1771521137191-5h3b3p.webp
a0290a9d-6f6a-4e4c-8b85-4237534d3c07,https://dbmbrwmygpnhjyyccbjp.supabase.co/storage/v1/object/public/images/books/a0290a9d-6f6a-4e4c-8b85-4237534d3c07/cover/1773163910603-a7ias.webp
1e87792b-2095-42d8-b11c-7bf7f157e2a7,https://dbmbrwmygpnhjyyccbjp.supabase.co/storage/v1/object/public/images/books/1e87792b-2095-42d8-b11c-7bf7f157e2a7/cover/1775115597541-35kmsx.webp
a651fad9-3554-4307-a381-c5d4849632d6,https://dbmbrwmygpnhjyyccbjp.supabase.co/storage/v1/object/public/images/books/a651fad9-3554-4307-a381-c5d4849632d6/cover/1773742021042-c0l6c1j.webp
d322a75f-fdcd-4da9-9e47-67099422f525,https://dbmbrwmygpnhjyyccbjp.supabase.co/storage/v1/object/public/images/books/d322a75f-fdcd-4da9-9e47-67099422f525/cover/1773742008460-vcbul.webp
d13b4263-d8db-49fb-aa62-6e7a4412749f,https://dbmbrwmygpnhjyyccbjp.supabase.co/storage/v1/object/public/images/books/covers/d13b4263-d8db-49fb-aa62-6e7a4412749f/1773742358723-nkb5w.jpg
57f1024c-bc27-4cf2-906d-dbb56cccdb18,https://dbmbrwmygpnhjyyccbjp.supabase.co/storage/v1/object/public/images/books/57f1024c-bc27-4cf2-906d-dbb56cccdb18/cover/1771521175372-400rpb.webp
9f123eae-f721-44a1-bdc2-c702c16377e3,https://dbmbrwmygpnhjyyccbjp.supabase.co/storage/v1/object/public/images/books/covers/9f123eae-f721-44a1-bdc2-c702c16377e3/1774512800048-w6kb95.webp
d204b880-0708-44b2-a9f8-5bf87527bb69,https://dbmbrwmygpnhjyyccbjp.supabase.co/storage/v1/object/public/images/books/d204b880-0708-44b2-a9f8-5bf87527bb69/cover/1771518879106-jlng4m.webp
73409563-73b7-43e9-811c-7610b68ad22e,https://dbmbrwmygpnhjyyccbjp.supabase.co/storage/v1/object/public/images/books/covers/73409563-73b7-43e9-811c-7610b68ad22e/1773227733715-onsur9.jpg
188dd8c2-42eb-4dc1-b76a-734f4ed7b2c8,https://dbmbrwmygpnhjyyccbjp.supabase.co/storage/v1/object/public/images/books/188dd8c2-42eb-4dc1-b76a-734f4ed7b2c8/cover/1771518895033-nmeefd.webp
8bed6362-f3fd-40bf-ba36-1831de206462,https://dbmbrwmygpnhjyyccbjp.supabase.co/storage/v1/object/public/images/books/8bed6362-f3fd-40bf-ba36-1831de206462/cover/1771519048949-i7i5ok.webp
a211472b-de44-4bdf-97b7-cbb7043bcd0a,https://dbmbrwmygpnhjyyccbjp.supabase.co/storage/v1/object/public/images/books/a211472b-de44-4bdf-97b7-cbb7043bcd0a/cover/1773741935553-c4gu5m.webp
010cfd02-3ceb-4027-a0c1-e757301177b4,https://dbmbrwmygpnhjyyccbjp.supabase.co/storage/v1/object/public/images/books/010cfd02-3ceb-4027-a0c1-e757301177b4/cover/1773741928716-owsmn.webp
afb1ea9a-4ec3-4429-ab5e-68fb4fb33900,https://dbmbrwmygpnhjyyccbjp.supabase.co/storage/v1/object/public/images/books/covers/afb1ea9a-4ec3-4429-ab5e-68fb4fb33900/1773228478390-a4ifnh.jpg
a478a046-fef9-44ff-af8f-1884edb3770c,https://dbmbrwmygpnhjyyccbjp.supabase.co/storage/v1/object/public/images/books/a478a046-fef9-44ff-af8f-1884edb3770c/cover/1773741958686-zln5dv.webp
d414fbff-178b-4ebd-ab72-aa24df7ab4c3,https://dbmbrwmygpnhjyyccbjp.supabase.co/storage/v1/object/public/images/books/d414fbff-178b-4ebd-ab72-aa24df7ab4c3/cover/1775115581285-p0yurn.webp
2ef52a4f-f946-4eb8-b453-fa955e7ffd31,https://dbmbrwmygpnhjyyccbjp.supabase.co/storage/v1/object/public/images/books/2ef52a4f-f946-4eb8-b453-fa955e7ffd31/cover/1771521307959-0gt9m9.webp
786586e5-66f6-42a5-9ea3-9ec70eb60c87,https://dbmbrwmygpnhjyyccbjp.supabase.co/storage/v1/object/public/images/books/786586e5-66f6-42a5-9ea3-9ec70eb60c87/cover/1771521230901-f25yyi.webp
e89308cd-2d31-4ac5-97a3-b89e61f00a16,https://dbmbrwmygpnhjyyccbjp.supabase.co/storage/v1/object/public/images/books/e89308cd-2d31-4ac5-97a3-b89e61f00a16/cover/1771521337804-3f3jq.webp
5afd06ff-b290-421a-bee0-d5b58869f242,https://dbmbrwmygpnhjyyccbjp.supabase.co/storage/v1/object/public/images/books/5afd06ff-b290-421a-bee0-d5b58869f242/cover/1771523213806-btbb4.webp
a69b3bb5-f484-4114-86ab-4058fc6b3c4b,https://dbmbrwmygpnhjyyccbjp.supabase.co/storage/v1/object/public/images/books/a69b3bb5-f484-4114-86ab-4058fc6b3c4b/cover/1773741995228-ug7lyr.webp
6ccd39b2-9ba8-44b6-8721-4dcfaec02877,https://dbmbrwmygpnhjyyccbjp.supabase.co/storage/v1/object/public/images/books/6ccd39b2-9ba8-44b6-8721-4dcfaec02877/cover/1773743095486-7vfgmg.webp
9d265547-f188-474b-a2f7-22c6504f2d36,https://dbmbrwmygpnhjyyccbjp.supabase.co/storage/v1/object/public/images/books/covers/9d265547-f188-474b-a2f7-22c6504f2d36/1774512907697-2v4ey.webp
193af622-9d83-44a0-a1a6-12b226df8061,https://dbmbrwmygpnhjyyccbjp.supabase.co/storage/v1/object/public/images/books/193af622-9d83-44a0-a1a6-12b226df8061/cover/1773229165457-cd47z4.webp
9afeb1a2-999c-44ce-8e51-a8c2ef54470c,https://dbmbrwmygpnhjyyccbjp.supabase.co/storage/v1/object/public/images/books/9afeb1a2-999c-44ce-8e51-a8c2ef54470c/cover/1773229158627-aal3cc.webp
ce7e66f0-3b56-4c73-b8f0-04d2e3c322ee,https://dbmbrwmygpnhjyyccbjp.supabase.co/storage/v1/object/public/images/books/ce7e66f0-3b56-4c73-b8f0-04d2e3c322ee/cover/1771522159680-z9hj0h.webp
325b49e9-a6ad-4004-ba7a-fb9dd88e0fc4,https://dbmbrwmygpnhjyyccbjp.supabase.co/storage/v1/object/public/images/books/325b49e9-a6ad-4004-ba7a-fb9dd88e0fc4/cover/1771521458085-joej4c.webp
b1357280-e612-46a1-af6f-a8ea3bb9386a,https://dbmbrwmygpnhjyyccbjp.supabase.co/storage/v1/object/public/images/books/b1357280-e612-46a1-af6f-a8ea3bb9386a/cover/1773229181952-xvid3k.webp
0ea32fe0-8d56-443d-ad31-a9da806b4ab4,https://dbmbrwmygpnhjyyccbjp.supabase.co/storage/v1/object/public/images/books/covers/0ea32fe0-8d56-443d-ad31-a9da806b4ab4/1774512936709-aadnw1.webp
346ca09b-c855-44ba-8564-3b70fac65220,https://dbmbrwmygpnhjyyccbjp.supabase.co/storage/v1/object/public/images/books/346ca09b-c855-44ba-8564-3b70fac65220/cover/1773229190746-qenzn.webp
87598611-bc85-48ea-8509-26572e57ac0f,https://dbmbrwmygpnhjyyccbjp.supabase.co/storage/v1/object/public/images/books/87598611-bc85-48ea-8509-26572e57ac0f/cover/1773743076925-aptyl.webp
2e0662ec-4048-4bd9-8ac8-dbe45e3470ba,https://dbmbrwmygpnhjyyccbjp.supabase.co/storage/v1/object/public/images/books/2e0662ec-4048-4bd9-8ac8-dbe45e3470ba/cover/1771933839092-phcz6b.webp
a2c37510-d8f3-4845-bc22-c34f93e7037c,https://dbmbrwmygpnhjyyccbjp.supabase.co/storage/v1/object/public/images/books/a2c37510-d8f3-4845-bc22-c34f93e7037c/cover/1771933874816-rfzw5w.webp
d16db6b2-348f-4e26-a195-c0ecdb6cf68f,https://dbmbrwmygpnhjyyccbjp.supabase.co/storage/v1/object/public/images/books/d16db6b2-348f-4e26-a195-c0ecdb6cf68f/cover/1773229196209-e6lk8p.webp
9e5052e6-b80a-407e-923d-b0d07617057a,https://dbmbrwmygpnhjyyccbjp.supabase.co/storage/v1/object/public/images/books/9e5052e6-b80a-407e-923d-b0d07617057a/cover/1771933829098-7pfzip.webp
b8ab505b-4007-47fe-9d58-25bc9f70e2e8,https://dbmbrwmygpnhjyyccbjp.supabase.co/storage/v1/object/public/images/books/b8ab505b-4007-47fe-9d58-25bc9f70e2e8/cover/1771933857341-a0zun9.webp
bff6bfb0-c4a6-448d-b0b5-2e1ba2923dfe,https://dbmbrwmygpnhjyyccbjp.supabase.co/storage/v1/object/public/images/books/bff6bfb0-c4a6-448d-b0b5-2e1ba2923dfe/cover/1771933894370-vpsbm.webp
ba16171b-4e3c-44bd-9529-40a01ab44a6c,https://dbmbrwmygpnhjyyccbjp.supabase.co/storage/v1/object/public/images/books/ba16171b-4e3c-44bd-9529-40a01ab44a6c/cover/1773743085217-sd0y.webp
f8622f1f-bb98-4967-896f-49813628dcc0,https://dbmbrwmygpnhjyyccbjp.supabase.co/storage/v1/object/public/images/books/f8622f1f-bb98-4967-896f-49813628dcc0/cover/1771523230992-98qkoj.webp
3a98ff4c-7d2f-42b0-b264-6e37d477f3dc,https://dbmbrwmygpnhjyyccbjp.supabase.co/storage/v1/object/public/images/books/3a98ff4c-7d2f-42b0-b264-6e37d477f3dc/cover/1771523242495-8gi8xe.webp
09ae4625-d45c-411c-bfc2-db89c9778248,https://dbmbrwmygpnhjyyccbjp.supabase.co/storage/v1/object/public/images/books/09ae4625-d45c-411c-bfc2-db89c9778248/cover/1771523252223-qhlcg.webp
07184754-c61e-4916-88b9-ea948d4f9d9e,https://dbmbrwmygpnhjyyccbjp.supabase.co/storage/v1/object/public/images/books/07184754-c61e-4916-88b9-ea948d4f9d9e/cover/1771933947392-vlke4.webp
6c809dfa-4fbb-47da-aeea-0b3ca344569d,https://dbmbrwmygpnhjyyccbjp.supabase.co/storage/v1/object/public/images/books/6c809dfa-4fbb-47da-aeea-0b3ca344569d/cover/1771933967885-hfycju.webp
913aff10-ab6e-447f-b8cb-f33df353e55e,https://dbmbrwmygpnhjyyccbjp.supabase.co/storage/v1/object/public/images/books/913aff10-ab6e-447f-b8cb-f33df353e55e/cover/1774513408092-dryeu.webp
85e4f36e-16e6-4f0c-8c12-0404b63f6f00,https://dbmbrwmygpnhjyyccbjp.supabase.co/storage/v1/object/public/images/books/85e4f36e-16e6-4f0c-8c12-0404b63f6f00/cover/1771523275069-vgyg7e.webp
c7da0f4a-3947-4f65-a668-acd9b5fb7eb2,https://dbmbrwmygpnhjyyccbjp.supabase.co/storage/v1/object/public/images/books/c7da0f4a-3947-4f65-a668-acd9b5fb7eb2/cover/1771933914197-dxgsmg.webp
5b081733-79ba-4a85-95b5-247f9496f0cb,https://dbmbrwmygpnhjyyccbjp.supabase.co/storage/v1/object/public/images/books/5b081733-79ba-4a85-95b5-247f9496f0cb/cover/1771523258724-0ndu.webp
7443ac86-84ef-4b9c-b98e-c70274272bd3,https://dbmbrwmygpnhjyyccbjp.supabase.co/storage/v1/object/public/images/books/7443ac86-84ef-4b9c-b98e-c70274272bd3/cover/1771933925726-g8ue0i.webp
7714db84-dcde-45be-8613-0891f3d9534a,https://dbmbrwmygpnhjyyccbjp.supabase.co/storage/v1/object/public/images/books/7714db84-dcde-45be-8613-0891f3d9534a/cover/1771933984590-0nrg9b.webp
f119ced1-886a-4a96-b501-6f7d1a0bfe84,https://dbmbrwmygpnhjyyccbjp.supabase.co/storage/v1/object/public/images/books/f119ced1-886a-4a96-b501-6f7d1a0bfe84/cover/1771531791044-vmo20d.webp
0d41c478-fc40-4d83-8b90-a468aacbc18d,https://dbmbrwmygpnhjyyccbjp.supabase.co/storage/v1/object/public/images/books/0d41c478-fc40-4d83-8b90-a468aacbc18d/cover/1771523287597-m6ovob.webp
fc850689-074a-46d6-89e3-c61e88269da4,https://dbmbrwmygpnhjyyccbjp.supabase.co/storage/v1/object/public/images/books/fc850689-074a-46d6-89e3-c61e88269da4/cover/1771523282603-q6aifa.webp
77deaf56-2e68-4429-8e60-846ef452fe25,https://dbmbrwmygpnhjyyccbjp.supabase.co/storage/v1/object/public/images/books/77deaf56-2e68-4429-8e60-846ef452fe25/cover/1771523302053-bfgwjp.webp
439034d9-3aa5-4506-8187-8b754f77a713,https://dbmbrwmygpnhjyyccbjp.supabase.co/storage/v1/object/public/images/books/439034d9-3aa5-4506-8187-8b754f77a713/cover/1773229214485-3modw.webp
f8d69b7d-c504-45f2-b409-f7a7313e916b,https://dbmbrwmygpnhjyyccbjp.supabase.co/storage/v1/object/public/images/books/f8d69b7d-c504-45f2-b409-f7a7313e916b/cover/1771523312552-q3xov.webp
1c71b280-a81e-445a-995a-c63b44a63e22,https://dbmbrwmygpnhjyyccbjp.supabase.co/storage/v1/object/public/images/books/1c71b280-a81e-445a-995a-c63b44a63e22/cover/1773229225046-c5so4d.webp
e053e8ce-234f-4737-9b4a-9025c55ee9f3,https://dbmbrwmygpnhjyyccbjp.supabase.co/storage/v1/object/public/images/books/e053e8ce-234f-4737-9b4a-9025c55ee9f3/cover/1773743113362-9fk3o.webp
80d1611d-c9f9-465f-96fa-389bde518f33,https://dbmbrwmygpnhjyyccbjp.supabase.co/storage/v1/object/public/images/books/80d1611d-c9f9-465f-96fa-389bde518f33/cover/1771523336186-6x19g.webp
dc752cf7-65f0-4709-b69f-8f1be2a20d3c,https://dbmbrwmygpnhjyyccbjp.supabase.co/storage/v1/object/public/images/books/dc752cf7-65f0-4709-b69f-8f1be2a20d3c/cover/1774513432816-fr4wb8.webp
3ce8c577-9be6-47f9-8f8c-c4ad9c737ae3,https://dbmbrwmygpnhjyyccbjp.supabase.co/storage/v1/object/public/images/books/3ce8c577-9be6-47f9-8f8c-c4ad9c737ae3/cover/1771935400508-zdg03t.webp
270188a3-3750-42d0-ad12-0bc84953208e,https://dbmbrwmygpnhjyyccbjp.supabase.co/storage/v1/object/public/images/books/270188a3-3750-42d0-ad12-0bc84953208e/cover/1771935386979-jfnehs.webp
b866e058-063e-4b58-952d-731ef1724eb4,https://dbmbrwmygpnhjyyccbjp.supabase.co/storage/v1/object/public/images/books/b866e058-063e-4b58-952d-731ef1724eb4/cover/1771523442945-yv4v18.webp
09fe7127-2824-4c67-85ac-89d30f281584,https://dbmbrwmygpnhjyyccbjp.supabase.co/storage/v1/object/public/images/books/09fe7127-2824-4c67-85ac-89d30f281584/cover/1771935391446-cnh4xq.webp
4240fbd9-4c9b-4bcf-b077-446e5d04a09c,https://dbmbrwmygpnhjyyccbjp.supabase.co/storage/v1/object/public/images/books/4240fbd9-4c9b-4bcf-b077-446e5d04a09c/cover/1771935395370-zxrgv9.webp
85277795-963f-492f-80cd-101c7ce24a60,https://dbmbrwmygpnhjyyccbjp.supabase.co/storage/v1/object/public/images/books/85277795-963f-492f-80cd-101c7ce24a60/cover/1773743122061-8qksk.webp
d9278556-3ac1-4afb-9cd5-79001fc60ae0,https://dbmbrwmygpnhjyyccbjp.supabase.co/storage/v1/object/public/images/books/d9278556-3ac1-4afb-9cd5-79001fc60ae0/cover/1774513463097-vr6d70j.webp
fc4f5a45-cb5e-4e58-9025-b2299665def5,https://dbmbrwmygpnhjyyccbjp.supabase.co/storage/v1/object/public/images/books/fc4f5a45-cb5e-4e58-9025-b2299665def5/cover/1774513448919-rog3l.webp
d2b91f66-4baf-4677-8d4a-53ae8380f92d,https://dbmbrwmygpnhjyyccbjp.supabase.co/storage/v1/object/public/images/books/d2b91f66-4baf-4677-8d4a-53ae8380f92d/cover/1771523433403-uuuh6u.webp
2bde8034-3580-4f24-b0b0-07cc58eba74b,https://dbmbrwmygpnhjyyccbjp.supabase.co/storage/v1/object/public/images/books/2bde8034-3580-4f24-b0b0-07cc58eba74b/cover/1771935423694-c1dfxf.webp
7363553f-55b4-4d52-afb1-906f9cee8c80,https://dbmbrwmygpnhjyyccbjp.supabase.co/storage/v1/object/public/images/books/7363553f-55b4-4d52-afb1-906f9cee8c80/cover/1773229175728-6pqb6l.webp
d085fce9-5291-4abd-9f5c-8a15c6473e0e,https://dbmbrwmygpnhjyyccbjp.supabase.co/storage/v1/object/public/images/books/d085fce9-5291-4abd-9f5c-8a15c6473e0e/cover/1771935404578-pgyrhl.webp
25e1f401-1e53-41ca-a122-8a3f4677ae2e,https://dbmbrwmygpnhjyyccbjp.supabase.co/storage/v1/object/public/images/books/25e1f401-1e53-41ca-a122-8a3f4677ae2e/cover/1771935408437-zlr0n8.webp
7a4f4583-9a84-4bf8-8930-dc3288200068,https://dbmbrwmygpnhjyyccbjp.supabase.co/storage/v1/object/public/images/books/7a4f4583-9a84-4bf8-8930-dc3288200068/cover/1771935417086-895zm6.webp
d6b4411a-b4af-4e9c-831c-a09862c86fcf,https://dbmbrwmygpnhjyyccbjp.supabase.co/storage/v1/object/public/images/books/d6b4411a-b4af-4e9c-831c-a09862c86fcf/cover/1771523583908-7djyxb.webp
504e5266-b746-4704-8783-d781202b51e9,https://dbmbrwmygpnhjyyccbjp.supabase.co/storage/v1/object/public/images/books/504e5266-b746-4704-8783-d781202b51e9/cover/1771523268812-sb127q.webp
276aa904-5b51-4ce9-91af-41b686a30825,https://dbmbrwmygpnhjyyccbjp.supabase.co/storage/v1/object/public/images/books/276aa904-5b51-4ce9-91af-41b686a30825/cover/1773229204700-snm9pi.webp
f3ce997e-8e8a-4307-a506-e4a25fce60c0,https://dbmbrwmygpnhjyyccbjp.supabase.co/storage/v1/object/public/images/books/f3ce997e-8e8a-4307-a506-e4a25fce60c0/cover/1773743137726-1fzym.webp
b721afd7-c525-4aef-bf64-b62d20bacce7,https://dbmbrwmygpnhjyyccbjp.supabase.co/storage/v1/object/public/images/books/b721afd7-c525-4aef-bf64-b62d20bacce7/cover/1774513472531-3rew6k.webp
fa7ace1d-7d24-40df-9efc-03198ecdc9b5,https://dbmbrwmygpnhjyyccbjp.supabase.co/storage/v1/object/public/images/books/fa7ace1d-7d24-40df-9efc-03198ecdc9b5/cover/1771528028039-4eoitk.webp
f52133f1-e8ec-45ff-93ea-de15e412e353,https://dbmbrwmygpnhjyyccbjp.supabase.co/storage/v1/object/public/images/books/f52133f1-e8ec-45ff-93ea-de15e412e353/cover/1771528016536-lbmasm.webp
2cfb273a-008c-41a0-9b3e-cec0d3df7686,https://dbmbrwmygpnhjyyccbjp.supabase.co/storage/v1/object/public/images/books/2cfb273a-008c-41a0-9b3e-cec0d3df7686/cover/1773229934290-7ed9xt.webp
97c4a6ba-70d7-4e7c-b728-ff5788dd1d06,https://dbmbrwmygpnhjyyccbjp.supabase.co/storage/v1/object/public/images/books/97c4a6ba-70d7-4e7c-b728-ff5788dd1d06/cover/1773229943836-94c8gjp.webp
81c8105e-9aa3-4d39-8815-0ba0f6b23862,https://dbmbrwmygpnhjyyccbjp.supabase.co/storage/v1/object/public/images/books/81c8105e-9aa3-4d39-8815-0ba0f6b23862/cover/1773743147068-kiaxf.webp
f908389f-a3d6-4bb7-8900-9c4101e2fff1,https://dbmbrwmygpnhjyyccbjp.supabase.co/storage/v1/object/public/images/books/f908389f-a3d6-4bb7-8900-9c4101e2fff1/cover/1774513511911-pf5y2n.webp
3d318c8f-223e-4026-a1a9-3ad81ee18679,https://dbmbrwmygpnhjyyccbjp.supabase.co/storage/v1/object/public/images/books/3d318c8f-223e-4026-a1a9-3ad81ee18679/cover/1774513501652-gxb0pc.webp
4847eb37-84b0-48ec-90ac-7db1ea9bf50f,https://dbmbrwmygpnhjyyccbjp.supabase.co/storage/v1/object/public/images/books/4847eb37-84b0-48ec-90ac-7db1ea9bf50f/cover/1773229953494-3y9zav.webp
3c2d7dbc-ea38-494b-ab78-45065ab1b1d0,https://dbmbrwmygpnhjyyccbjp.supabase.co/storage/v1/object/public/images/books/3c2d7dbc-ea38-494b-ab78-45065ab1b1d0/cover/1773229962649-y7jvba.webp
cf6906ef-2599-4500-80fa-73451c4ef7f5,https://dbmbrwmygpnhjyyccbjp.supabase.co/storage/v1/object/public/images/books/cf6906ef-2599-4500-80fa-73451c4ef7f5/cover/1773229973420-l2xnm.webp
2a4560ae-1136-4d6a-ac82-0a09e79ebe6a,https://dbmbrwmygpnhjyyccbjp.supabase.co/storage/v1/object/public/images/books/2a4560ae-1136-4d6a-ac82-0a09e79ebe6a/cover/1773743104542-otiqxo.webp
339620c2-ad15-4c4f-b930-1628bb0d9a79,https://dbmbrwmygpnhjyyccbjp.supabase.co/storage/v1/object/public/images/books/339620c2-ad15-4c4f-b930-1628bb0d9a79/cover/1774513524228-gggdam.webp
c6a7827c-a423-4d5f-af11-f3e8bee2786c,https://dbmbrwmygpnhjyyccbjp.supabase.co/storage/v1/object/public/images/books/c6a7827c-a423-4d5f-af11-f3e8bee2786c/cover/1773229977256-k4etlj.webp
084b5de6-f483-4bab-b91c-fecfecd7e84a,https://dbmbrwmygpnhjyyccbjp.supabase.co/storage/v1/object/public/images/books/084b5de6-f483-4bab-b91c-fecfecd7e84a/cover/1773229989167-dapf18.webp
fb252c34-024c-4d7b-8b9a-392a02695e22,https://dbmbrwmygpnhjyyccbjp.supabase.co/storage/v1/object/public/images/books/fb252c34-024c-4d7b-8b9a-392a02695e22/cover/1773229998659-b4wi8g.webp
fe26c9c0-df35-4c6e-80b0-ed9bd491128f,https://dbmbrwmygpnhjyyccbjp.supabase.co/storage/v1/object/public/images/books/fe26c9c0-df35-4c6e-80b0-ed9bd491128f/cover/1773743130346-2wk86g.webp
d321720e-30b4-4260-a7ed-93a3494d35ce,https://dbmbrwmygpnhjyyccbjp.supabase.co/storage/v1/object/public/images/books/d321720e-30b4-4260-a7ed-93a3494d35ce/cover/1771523295183-4rw7bn.webp
0b6a9cc1-c19d-4759-a140-2d3df3fef025,https://dbmbrwmygpnhjyyccbjp.supabase.co/storage/v1/object/public/images/books/0b6a9cc1-c19d-4759-a140-2d3df3fef025/cover/1773230018104-k2kgq.webp
74af051a-b544-40c7-b658-199dde043a03,https://dbmbrwmygpnhjyyccbjp.supabase.co/storage/v1/object/public/images/books/74af051a-b544-40c7-b658-199dde043a03/cover/1773744475484-y6f02l.webp
b8b3b302-c8d4-48d6-99e9-585ffcc7534b,https://dbmbrwmygpnhjyyccbjp.supabase.co/storage/v1/object/public/images/books/covers/b8b3b302-c8d4-48d6-99e9-585ffcc7534b/1774513667419-ttjk8h.webp
bde9e1ea-800c-421a-94f7-d972ad363a16,https://dbmbrwmygpnhjyyccbjp.supabase.co/storage/v1/object/public/images/books/bde9e1ea-800c-421a-94f7-d972ad363a16/cover/1771523945776-km7qeq.webp
6f688183-6e02-4da2-b675-20bb703dccc0,https://dbmbrwmygpnhjyyccbjp.supabase.co/storage/v1/object/public/images/books/6f688183-6e02-4da2-b675-20bb703dccc0/cover/1773230027622-s786nvc.webp
8fc4fb86-79f6-442b-82a2-7876b83cffc2,https://dbmbrwmygpnhjyyccbjp.supabase.co/storage/v1/object/public/images/books/8fc4fb86-79f6-442b-82a2-7876b83cffc2/cover/1773230034561-vpiuc.webp
7f30da8c-3d22-42d6-be44-8fb7a460be5d,https://dbmbrwmygpnhjyyccbjp.supabase.co/storage/v1/object/public/images/books/7f30da8c-3d22-42d6-be44-8fb7a460be5d/cover/1773744488374-yse2kp.webp
a2ec5457-00a0-49b9-852e-0854ee8a1493,https://dbmbrwmygpnhjyyccbjp.supabase.co/storage/v1/object/public/images/books/a2ec5457-00a0-49b9-852e-0854ee8a1493/cover/1774513488741-p1xfb.webp
9814dff7-d603-449e-8952-d1703bf508c8,https://dbmbrwmygpnhjyyccbjp.supabase.co/storage/v1/object/public/images/books/9814dff7-d603-449e-8952-d1703bf508c8/cover/1773744481168-pwu56m.webp
47f06b08-b118-4da5-971e-d761253f1566,https://dbmbrwmygpnhjyyccbjp.supabase.co/storage/v1/object/public/images/books/47f06b08-b118-4da5-971e-d761253f1566/cover/1773230008555-p874bo.webp
2a297ef3-81e0-4ee6-bed0-a7e743042bd6,https://dbmbrwmygpnhjyyccbjp.supabase.co/storage/v1/object/public/images/books/2a297ef3-81e0-4ee6-bed0-a7e743042bd6/cover/1773744516288-rn4cbo.webp
06124a44-c5ef-4830-9901-177ddca69c58,https://dbmbrwmygpnhjyyccbjp.supabase.co/storage/v1/object/public/images/books/06124a44-c5ef-4830-9901-177ddca69c58/cover/1771524077780-esf02d.webp
8d704b2c-47ee-4c6b-ae9f-8df7e2c533b4,https://dbmbrwmygpnhjyyccbjp.supabase.co/storage/v1/object/public/images/books/8d704b2c-47ee-4c6b-ae9f-8df7e2c533b4/cover/1771524060656-zhlf7c.webp
38ccfd2c-62b1-41d3-b3f4-3c23cad411be,https://dbmbrwmygpnhjyyccbjp.supabase.co/storage/v1/object/public/images/books/38ccfd2c-62b1-41d3-b3f4-3c23cad411be/cover/1774513396615-laa2hd.webp
0cfbb3d9-91a9-44be-ae40-e4594c159b39,https://dbmbrwmygpnhjyyccbjp.supabase.co/storage/v1/object/public/images/books/0cfbb3d9-91a9-44be-ae40-e4594c159b39/cover/1773744495160-e0p5w.webp
ead260e3-c091-451b-b909-ba8bde56b775,https://dbmbrwmygpnhjyyccbjp.supabase.co/storage/v1/object/public/images/books/ead260e3-c091-451b-b909-ba8bde56b775/cover/1773744503384-liqln9.webp
1c8a5f37-bd67-43d9-b28f-9c913800ebd8,https://dbmbrwmygpnhjyyccbjp.supabase.co/storage/v1/object/public/images/books/1c8a5f37-bd67-43d9-b28f-9c913800ebd8/cover/1773164532850-raslya.webp
c1c6441f-29cf-481f-bf03-615085a5e1dd,https://dbmbrwmygpnhjyyccbjp.supabase.co/storage/v1/object/public/images/books/c1c6441f-29cf-481f-bf03-615085a5e1dd/cover/1773164477659-23ppgm.webp
17a1757c-790d-4030-a938-bf1d9426ac70,https://dbmbrwmygpnhjyyccbjp.supabase.co/storage/v1/object/public/images/books/17a1757c-790d-4030-a938-bf1d9426ac70/cover/1771524108578-ibpmb.webp
08686e60-d915-43c3-9b2f-5233535ea2a6,https://dbmbrwmygpnhjyyccbjp.supabase.co/storage/v1/object/public/images/books/08686e60-d915-43c3-9b2f-5233535ea2a6/cover/1774515055543-h0kk88.webp
011d693e-7db3-4c86-9422-ab298067c34e,https://dbmbrwmygpnhjyyccbjp.supabase.co/storage/v1/object/public/images/books/011d693e-7db3-4c86-9422-ab298067c34e/cover/1771524345458-q8iwf.webp
128ee678-b042-41db-8640-daa9b66172af,https://dbmbrwmygpnhjyyccbjp.supabase.co/storage/v1/object/public/images/books/128ee678-b042-41db-8640-daa9b66172af/cover/1773164448691-dprw4.webp
b897b263-110f-43c9-a101-a30ffb5930f3,https://dbmbrwmygpnhjyyccbjp.supabase.co/storage/v1/object/public/images/books/b897b263-110f-43c9-a101-a30ffb5930f3/cover/1773164443966-uhr4gp.webp
9fb05ecc-cf29-4917-957c-3e3e3000b687,https://dbmbrwmygpnhjyyccbjp.supabase.co/storage/v1/object/public/images/books/9fb05ecc-cf29-4917-957c-3e3e3000b687/cover/1771524295061-ckc7tv.webp
63e4e6c2-e7d6-4d9d-ba54-72947ec4bf23,https://dbmbrwmygpnhjyyccbjp.supabase.co/storage/v1/object/public/images/books/63e4e6c2-e7d6-4d9d-ba54-72947ec4bf23/cover/1771524315512-rxftvv.webp
09d57e66-a8e4-48bc-ab7f-5257a629042a,https://dbmbrwmygpnhjyyccbjp.supabase.co/storage/v1/object/public/images/books/09d57e66-a8e4-48bc-ab7f-5257a629042a/cover/1771524255252-y6dnlr.webp
35e1032e-65ee-4af3-9046-83b95df3306a,https://dbmbrwmygpnhjyyccbjp.supabase.co/storage/v1/object/public/images/books/35e1032e-65ee-4af3-9046-83b95df3306a/cover/1771524271797-66ol2.webp
198cc253-7298-4686-9684-0ffae7431ac2,https://dbmbrwmygpnhjyyccbjp.supabase.co/storage/v1/object/public/images/books/198cc253-7298-4686-9684-0ffae7431ac2/cover/1773164434348-1e1x07.webp
d37d569d-0832-4f5b-94ba-001c16db3aaf,https://dbmbrwmygpnhjyyccbjp.supabase.co/storage/v1/object/public/images/books/d37d569d-0832-4f5b-94ba-001c16db3aaf/cover/1773164423717-2sked.webp
c0cbf599-326f-4926-a99a-704938236329,https://dbmbrwmygpnhjyyccbjp.supabase.co/storage/v1/object/public/images/books/c0cbf599-326f-4926-a99a-704938236329/cover/1774515075750-5ra34i.webp
c1a28c78-b77d-4e62-b5cc-d93514560d1c,https://dbmbrwmygpnhjyyccbjp.supabase.co/storage/v1/object/public/images/books/c1a28c78-b77d-4e62-b5cc-d93514560d1c/cover/1773744530018-3fyv9h.webp
e398c84d-d807-4880-aa48-54def5ceaeb8,https://dbmbrwmygpnhjyyccbjp.supabase.co/storage/v1/object/public/images/books/e398c84d-d807-4880-aa48-54def5ceaeb8/cover/1773744540387-3jueb.webp
5904d0b4-dae8-47b2-9d3a-ad0346122393,https://dbmbrwmygpnhjyyccbjp.supabase.co/storage/v1/object/public/images/books/5904d0b4-dae8-47b2-9d3a-ad0346122393/cover/1773307694388-nud0j6.webp
9c2d7e79-1620-4467-879d-e7ee4447e665,https://dbmbrwmygpnhjyyccbjp.supabase.co/storage/v1/object/public/images/books/9c2d7e79-1620-4467-879d-e7ee4447e665/cover/1773307737125-r6ehw4.webp
6b428e09-fad6-474b-88fb-da3702a5024e,https://dbmbrwmygpnhjyyccbjp.supabase.co/storage/v1/object/public/images/books/6b428e09-fad6-474b-88fb-da3702a5024e/cover/1773307709355-4id00g.webp
060580c1-a817-448d-a5bc-3a733d5119c4,https://dbmbrwmygpnhjyyccbjp.supabase.co/storage/v1/object/public/images/books/060580c1-a817-448d-a5bc-3a733d5119c4/cover/1773307772512-t72uth.webp
566f375c-9e14-4835-b352-67f27d0af6cc,https://dbmbrwmygpnhjyyccbjp.supabase.co/storage/v1/object/public/images/books/566f375c-9e14-4835-b352-67f27d0af6cc/cover/1773307748674-vhrx5d.webp
b60b7c4d-4c0b-46c1-8864-31ab76a672b0,https://dbmbrwmygpnhjyyccbjp.supabase.co/storage/v1/object/public/images/books/b60b7c4d-4c0b-46c1-8864-31ab76a672b0/cover/1773307762535-ean03.webp
e55178b9-d8ee-484c-a22d-02e6e7f01728,https://dbmbrwmygpnhjyyccbjp.supabase.co/storage/v1/object/public/images/books/e55178b9-d8ee-484c-a22d-02e6e7f01728/cover/1773307816943-wr1iyd.webp
25debf2e-a422-4f51-b494-c20df4ae591e,https://dbmbrwmygpnhjyyccbjp.supabase.co/storage/v1/object/public/images/books/25debf2e-a422-4f51-b494-c20df4ae591e/cover/1773307787333-2il4zl.webp
bbf67023-87b2-450f-83ba-1b9f7803ee88,https://dbmbrwmygpnhjyyccbjp.supabase.co/storage/v1/object/public/images/books/bbf67023-87b2-450f-83ba-1b9f7803ee88/cover/1773307802011-v8etb.webp
17222247-2433-41dc-a71d-10b04d1cd993,https://dbmbrwmygpnhjyyccbjp.supabase.co/storage/v1/object/public/images/books/17222247-2433-41dc-a71d-10b04d1cd993/cover/1773307832159-bbsxmd.webp
6d471719-7c7f-4e9f-9b97-30222cbd66ac,https://dbmbrwmygpnhjyyccbjp.supabase.co/storage/v1/object/public/images/books/6d471719-7c7f-4e9f-9b97-30222cbd66ac/cover/1774515140877-vs625b.webp
7b517e2b-5b0d-48b3-af46-0c38916832fb,https://dbmbrwmygpnhjyyccbjp.supabase.co/storage/v1/object/public/images/books/7b517e2b-5b0d-48b3-af46-0c38916832fb/cover/1774515097437-j3tg7l.webp
7f7b80f8-5b6d-4b1f-bfa8-f8903cc65b97,https://dbmbrwmygpnhjyyccbjp.supabase.co/storage/v1/object/public/images/books/7f7b80f8-5b6d-4b1f-bfa8-f8903cc65b97/cover/1773307658902-o0b2jp.webp
12f93467-7608-4f8b-813a-524bab1b4a1b,https://dbmbrwmygpnhjyyccbjp.supabase.co/storage/v1/object/public/images/books/12f93467-7608-4f8b-813a-524bab1b4a1b/cover/1773307671289-kq65np.webp
ea58d571-b031-471f-98de-1417260bbabf,https://dbmbrwmygpnhjyyccbjp.supabase.co/storage/v1/object/public/images/books/ea58d571-b031-471f-98de-1417260bbabf/cover/1773307685678-3i33u.webp
491648a8-126e-42ef-bcc5-c482c1f7aad6,https://dbmbrwmygpnhjyyccbjp.supabase.co/storage/v1/object/public/images/books/491648a8-126e-42ef-bcc5-c482c1f7aad6/cover/1773744523514-mf262p.webp
931c7222-82a1-406e-bd0a-ca8a2ac22b89,https://dbmbrwmygpnhjyyccbjp.supabase.co/storage/v1/object/public/images/books/931c7222-82a1-406e-bd0a-ca8a2ac22b89/cover/1774515262608-1dmh6s.webp
a4ad4871-502d-47fe-bacd-6996c1c482a3,https://dbmbrwmygpnhjyyccbjp.supabase.co/storage/v1/object/public/images/books/a4ad4871-502d-47fe-bacd-6996c1c482a3/cover/1774515247618-9zr1o.webp
2497e37d-9f53-441e-a43d-1566ff7c010f,https://dbmbrwmygpnhjyyccbjp.supabase.co/storage/v1/object/public/images/books/2497e37d-9f53-441e-a43d-1566ff7c010f/cover/1774515231257-6cewzr.webp
91bce74a-26ac-4fc8-bbdf-721acd2da8fe,https://dbmbrwmygpnhjyyccbjp.supabase.co/storage/v1/object/public/images/books/91bce74a-26ac-4fc8-bbdf-721acd2da8fe/cover/1774515210835-hwcjcb.webp
45918ed6-179c-4089-825c-7b64641cf7e0,https://dbmbrwmygpnhjyyccbjp.supabase.co/storage/v1/object/public/images/books/45918ed6-179c-4089-825c-7b64641cf7e0/cover/1771528036684-ipagg.webp
b4f770df-d408-437e-9c57-b1074fe50b63,https://dbmbrwmygpnhjyyccbjp.supabase.co/storage/v1/object/public/images/books/b4f770df-d408-437e-9c57-b1074fe50b63/cover/1771528064060-601igh.webp
1babe6fe-3129-4696-bea0-d5440d74a1c4,https://dbmbrwmygpnhjyyccbjp.supabase.co/storage/v1/object/public/images/books/covers/1babe6fe-3129-4696-bea0-d5440d74a1c4/1773755739959-rp6e0r.jpg
2d7ae142-e755-4c95-8edc-83dc1c8b6fd0,https://dbmbrwmygpnhjyyccbjp.supabase.co/storage/v1/object/public/images/books/2d7ae142-e755-4c95-8edc-83dc1c8b6fd0/cover/1774515164159-9smu4.webp
ff310d3f-112b-4bf1-b179-69b434109a7c,https://dbmbrwmygpnhjyyccbjp.supabase.co/storage/v1/object/public/images/books/ff310d3f-112b-4bf1-b179-69b434109a7c/cover/1775115567968-qvmm9o.webp
4613d86f-23fd-46f5-aa84-269c7e6cba38,https://dbmbrwmygpnhjyyccbjp.supabase.co/storage/v1/object/public/images/books/4613d86f-23fd-46f5-aa84-269c7e6cba38/cover/1771528047289-o14soj.webp
1230adbc-6318-4a05-b139-8b3eded92dee,https://dbmbrwmygpnhjyyccbjp.supabase.co/storage/v1/object/public/images/books/1230adbc-6318-4a05-b139-8b3eded92dee/cover/1771528083747-pu8g0r.webp
87799092-4eb3-46b1-beb2-45786e2f5339,https://dbmbrwmygpnhjyyccbjp.supabase.co/storage/v1/object/public/images/books/87799092-4eb3-46b1-beb2-45786e2f5339/cover/1771528093774-co7x6d.webp
416cba51-1d94-4725-aea4-449706c6e472,https://dbmbrwmygpnhjyyccbjp.supabase.co/storage/v1/object/public/images/books/416cba51-1d94-4725-aea4-449706c6e472/cover/1774515188613-oeb1h8.webp
01a6fa5b-a350-484d-97c0-8fd1c2c56c34,https://dbmbrwmygpnhjyyccbjp.supabase.co/storage/v1/object/public/images/books/01a6fa5b-a350-484d-97c0-8fd1c2c56c34/cover/1771528107235-zduvwo.webp
0a563d38-8dd3-44cb-8833-ec114f165713,https://dbmbrwmygpnhjyyccbjp.supabase.co/storage/v1/object/public/images/books/covers/0a563d38-8dd3-44cb-8833-ec114f165713/1773767900639-vgyvsl.webp
1fa94d68-f7b9-472a-bb78-07f9da5e1419,https://dbmbrwmygpnhjyyccbjp.supabase.co/storage/v1/object/public/images/books/1fa94d68-f7b9-472a-bb78-07f9da5e1419/cover/1774515118068-idq7me.webp
08d48eb8-f625-44e3-bff1-da1c9aa3829f,https://dbmbrwmygpnhjyyccbjp.supabase.co/storage/v1/object/public/images/books/08d48eb8-f625-44e3-bff1-da1c9aa3829f/cover/1771528073681-rrfv9i.webp
b11d6abd-0121-4916-917e-2cc7fadf4614,https://dbmbrwmygpnhjyyccbjp.supabase.co/storage/v1/object/public/images/books/b11d6abd-0121-4916-917e-2cc7fadf4614/cover/1775115551720-d5zrmc.webp
4d64a050-cd5e-468a-a273-50e336c18533,https://dbmbrwmygpnhjyyccbjp.supabase.co/storage/v1/object/public/images/books/4d64a050-cd5e-468a-a273-50e336c18533/cover/1773930331781-bi4iq.webp
6ee7646e-8272-41dc-bade-937703ddb339,https://dbmbrwmygpnhjyyccbjp.supabase.co/storage/v1/object/public/images/books/6ee7646e-8272-41dc-bade-937703ddb339/cover/1773930329932-6vfds.webp
de593a24-c066-41c9-ab73-4747c46fe37e,https://dbmbrwmygpnhjyyccbjp.supabase.co/storage/v1/object/public/images/books/de593a24-c066-41c9-ab73-4747c46fe37e/cover/1771528118933-hxz5kl.webp
87ac148c-46e1-48f3-8dec-fb0b8748d246,https://dbmbrwmygpnhjyyccbjp.supabase.co/storage/v1/object/public/images/books/87ac148c-46e1-48f3-8dec-fb0b8748d246/cover/1771531950161-ju3m9.webp
8b84934e-bba4-4561-94cd-4608c64c2b34,https://dbmbrwmygpnhjyyccbjp.supabase.co/storage/v1/object/public/images/books/8b84934e-bba4-4561-94cd-4608c64c2b34/cover/1771531937170-rurxlv.webp
e8851a0a-c05a-426c-8422-4ac25ebf1444,https://dbmbrwmygpnhjyyccbjp.supabase.co/storage/v1/object/public/images/books/covers/e8851a0a-c05a-426c-8422-4ac25ebf1444/1775118272330-6umju9.webp
76247e4d-a3a0-477d-aad3-4fb326a3bb2c,https://dbmbrwmygpnhjyyccbjp.supabase.co/storage/v1/object/public/images/books/76247e4d-a3a0-477d-aad3-4fb326a3bb2c/cover/1773930337679-iifjl.webp
9371e81f-b105-467b-a7f9-c34846139058,https://dbmbrwmygpnhjyyccbjp.supabase.co/storage/v1/object/public/images/books/9371e81f-b105-467b-a7f9-c34846139058/cover/1773930343737-joslvo.webp
0aaad91f-d407-4a05-86db-a434a54ddfa9,https://dbmbrwmygpnhjyyccbjp.supabase.co/storage/v1/object/public/images/books/0aaad91f-d407-4a05-86db-a434a54ddfa9/cover/1773930342085-ns73j.webp
35b451e7-925f-4e72-93cf-8de09d6d730e,https://dbmbrwmygpnhjyyccbjp.supabase.co/storage/v1/object/public/images/books/35b451e7-925f-4e72-93cf-8de09d6d730e/cover/1773930340702-eel76q.webp
55e836c0-4764-4043-815f-bd94cfb8e66e,https://dbmbrwmygpnhjyyccbjp.supabase.co/storage/v1/object/public/images/books/covers/55e836c0-4764-4043-815f-bd94cfb8e66e/1774956731043-iiskug.JPG
0c86c300-ea4b-4dc8-a09f-ff2b6eb0187d,https://dbmbrwmygpnhjyyccbjp.supabase.co/storage/v1/object/public/images/books/0c86c300-ea4b-4dc8-a09f-ff2b6eb0187d/cover/1773930339304-pwnmvb.webp
ffd0c956-f216-4ca8-902d-c049c9bd0f9c,https://dbmbrwmygpnhjyyccbjp.supabase.co/storage/v1/object/public/images/books/covers/ffd0c956-f216-4ca8-902d-c049c9bd0f9c/1775118319941-ewm8bn.webp
7dc4da06-2926-4ede-9235-f72b80c28fd7,https://dbmbrwmygpnhjyyccbjp.supabase.co/storage/v1/object/public/images/books/7dc4da06-2926-4ede-9235-f72b80c28fd7/cover/1773930347421-kanr6r.webp
ce6e5dde-32e8-46ed-928c-51fa5df97a8b,https://dbmbrwmygpnhjyyccbjp.supabase.co/storage/v1/object/public/images/books/ce6e5dde-32e8-46ed-928c-51fa5df97a8b/cover/1775122898519-ix81s.webp
7b93c504-4d20-4897-a3ae-52cbe36db9d6,https://dbmbrwmygpnhjyyccbjp.supabase.co/storage/v1/object/public/images/books/covers/7b93c504-4d20-4897-a3ae-52cbe36db9d6/1775118423665-1ktfr.webp
229ee760-5080-42bb-ad13-c7c9282931da,https://dbmbrwmygpnhjyyccbjp.supabase.co/storage/v1/object/public/images/books/229ee760-5080-42bb-ad13-c7c9282931da/cover/1773930345410-nyys8i.webp
e18221e4-dde4-4355-9c0d-161fa08225fa,https://dbmbrwmygpnhjyyccbjp.supabase.co/storage/v1/object/public/images/books/e18221e4-dde4-4355-9c0d-161fa08225fa/cover/1773930335533-tr35zg.webp
ccee40c5-2dbf-48a4-b9a1-098a4cfc32f6,https://dbmbrwmygpnhjyyccbjp.supabase.co/storage/v1/object/public/images/books/ccee40c5-2dbf-48a4-b9a1-098a4cfc32f6/cover/1773930333637-lap42t.webp
3dfe2a46-e167-48c5-b8d3-c887d2641c03,https://dbmbrwmygpnhjyyccbjp.supabase.co/storage/v1/object/public/images/books/covers/3dfe2a46-e167-48c5-b8d3-c887d2641c03/1775046171159-f4wh4q.webp
e94c3117-9b6c-40ae-84f5-e59f2db97214,https://dbmbrwmygpnhjyyccbjp.supabase.co/storage/v1/object/public/images/books/covers/e94c3117-9b6c-40ae-84f5-e59f2db97214/1775046678098-ovfdlm.webp
2cabfd70-6b59-446d-8af3-691d76fd1488,https://dbmbrwmygpnhjyyccbjp.supabase.co/storage/v1/object/public/images/books/2cabfd70-6b59-446d-8af3-691d76fd1488/cover/1771531996991-5ih68u.webp
f6893fa4-21c6-4ca8-83b5-15a0bcb1daae,https://dbmbrwmygpnhjyyccbjp.supabase.co/storage/v1/object/public/images/books/covers/f6893fa4-21c6-4ca8-83b5-15a0bcb1daae/1775059425645-oe9qb.webp
4ac3a922-ef92-4129-9dda-725d3e408cd1,https://dbmbrwmygpnhjyyccbjp.supabase.co/storage/v1/object/public/images/books/covers/4ac3a922-ef92-4129-9dda-725d3e408cd1/1775059535894-ni3gfb.webp
5d8b399b-3a0d-40d3-b1f5-e6c776dbf0c1,https://dbmbrwmygpnhjyyccbjp.supabase.co/storage/v1/object/public/images/books/covers/5d8b399b-3a0d-40d3-b1f5-e6c776dbf0c1/1775058650320-9sonud.webp
a9f80777-a6e7-4deb-9941-22f80202fcdf,https://dbmbrwmygpnhjyyccbjp.supabase.co/storage/v1/object/public/images/books/covers/a9f80777-a6e7-4deb-9941-22f80202fcdf/1774024051061-sdykxo.webp
a56e0b40-db10-4176-8eb5-73961f3b81e5,https://dbmbrwmygpnhjyyccbjp.supabase.co/storage/v1/object/public/images/books/covers/a56e0b40-db10-4176-8eb5-73961f3b81e5/1775059696928-aqclqq.webp
e45a67c7-bd6a-49b8-85f2-8f6a665277b1,https://dbmbrwmygpnhjyyccbjp.supabase.co/storage/v1/object/public/images/books/e45a67c7-bd6a-49b8-85f2-8f6a665277b1/cover/1775122830797-kwgtae.webp
eb49b570-9503-4a55-a4d7-e6aff475390d,https://dbmbrwmygpnhjyyccbjp.supabase.co/storage/v1/object/public/images/books/covers/eb49b570-9503-4a55-a4d7-e6aff475390d/1774027919924-d790n.webp
e3c20ef1-79f8-4214-9031-fa8958d2763c,https://dbmbrwmygpnhjyyccbjp.supabase.co/storage/v1/object/public/images/books/covers/e3c20ef1-79f8-4214-9031-fa8958d2763c/1774028092001-xhv9nj.webp
c2270225-4aa6-4f0b-a69a-3d9d350f8af8,https://dbmbrwmygpnhjyyccbjp.supabase.co/storage/v1/object/public/images/books/covers/c2270225-4aa6-4f0b-a69a-3d9d350f8af8/1775059798216-fjnuac.webp
32e4effc-aedf-434d-8d04-5b8f7f3db5e8,https://dbmbrwmygpnhjyyccbjp.supabase.co/storage/v1/object/public/images/books/32e4effc-aedf-434d-8d04-5b8f7f3db5e8/cover/1774029407355-ugf8p8.webp
ef33f57a-d1af-432d-9cf7-d2edf3fd117a,https://dbmbrwmygpnhjyyccbjp.supabase.co/storage/v1/object/public/images/books/ef33f57a-d1af-432d-9cf7-d2edf3fd117a/cover/1774029395567-6kr5md.webp
40afca75-a94c-4f6e-b711-39628f6ee82a,https://dbmbrwmygpnhjyyccbjp.supabase.co/storage/v1/object/public/images/books/covers/40afca75-a94c-4f6e-b711-39628f6ee82a/1775059977428-v5vq7.webp
9471566a-d9d2-420a-a95a-c884ce518c1a,https://dbmbrwmygpnhjyyccbjp.supabase.co/storage/v1/object/public/images/books/covers/9471566a-d9d2-420a-a95a-c884ce518c1a/1775060314134-yplydv.webp
6b2dd9ff-a6e1-4e4c-9920-775c8878ded0,https://dbmbrwmygpnhjyyccbjp.supabase.co/storage/v1/object/public/images/books/6b2dd9ff-a6e1-4e4c-9920-775c8878ded0/cover/1774029442165-b34hic.webp
1cf6b0fc-5f93-4f62-8038-ce37564cde7d,https://dbmbrwmygpnhjyyccbjp.supabase.co/storage/v1/object/public/images/books/1cf6b0fc-5f93-4f62-8038-ce37564cde7d/cover/1774029456089-abqnzn.webp
41b4e3ce-cb13-4149-90e0-88fe1cb2ed7e,https://dbmbrwmygpnhjyyccbjp.supabase.co/storage/v1/object/public/images/books/41b4e3ce-cb13-4149-90e0-88fe1cb2ed7e/cover/1774029429871-6uc2u4.webp
131fd295-22f9-4e1e-92b4-54bbeccae83a,https://dbmbrwmygpnhjyyccbjp.supabase.co/storage/v1/object/public/images/books/covers/131fd295-22f9-4e1e-92b4-54bbeccae83a/1775060069859-jz793g.webp
1389cae2-3460-4b75-8e71-85b9db475d91,https://dbmbrwmygpnhjyyccbjp.supabase.co/storage/v1/object/public/images/books/1389cae2-3460-4b75-8e71-85b9db475d91/cover/1774029466704-tdumn3k.webp
61d6eaec-daef-4191-85fe-51d1d671117b,https://dbmbrwmygpnhjyyccbjp.supabase.co/storage/v1/object/public/images/books/covers/61d6eaec-daef-4191-85fe-51d1d671117b/1775060525470-k7n1d9.webp
17091a5f-8e23-4620-b179-447ae96e4a08,https://dbmbrwmygpnhjyyccbjp.supabase.co/storage/v1/object/public/images/books/17091a5f-8e23-4620-b179-447ae96e4a08/cover/1774029504692-57a9m3.webp
3f139aa1-3fbe-4e5f-81dc-84d6cf5e10a6,https://dbmbrwmygpnhjyyccbjp.supabase.co/storage/v1/object/public/images/books/3f139aa1-3fbe-4e5f-81dc-84d6cf5e10a6/cover/1774029489922-g9629o.webp
25bc75e2-3373-4e5f-8bd6-55fa7c8d98f0,https://dbmbrwmygpnhjyyccbjp.supabase.co/storage/v1/object/public/images/books/25bc75e2-3373-4e5f-8bd6-55fa7c8d98f0/cover/1774029477513-99xqdh.webp
660f114b-9b63-4494-9b47-d32cf0ea5dfd,https://dbmbrwmygpnhjyyccbjp.supabase.co/storage/v1/object/public/images/books/covers/660f114b-9b63-4494-9b47-d32cf0ea5dfd/1775060770591-3ua27h.webp
fe2ceed6-d7cf-4102-8c22-30bef5f5d04e,https://dbmbrwmygpnhjyyccbjp.supabase.co/storage/v1/object/public/images/books/covers/fe2ceed6-d7cf-4102-8c22-30bef5f5d04e/1775065726819-3yuiy5.webp
b6948514-9c90-47fb-b7a6-18f9ccd7d332,https://dbmbrwmygpnhjyyccbjp.supabase.co/storage/v1/object/public/images/books/covers/b6948514-9c90-47fb-b7a6-18f9ccd7d332/1775060857392-9vph2.webp
fe8a254e-5f24-4fc0-a94e-014d6d1d062e,https://dbmbrwmygpnhjyyccbjp.supabase.co/storage/v1/object/public/images/books/fe8a254e-5f24-4fc0-a94e-014d6d1d062e/cover/1774029420768-eczi8e.webp
897730d0-5649-4d1c-960f-540c6759d832,https://dbmbrwmygpnhjyyccbjp.supabase.co/storage/v1/object/public/images/books/covers/897730d0-5649-4d1c-960f-540c6759d832/1775118472525-89jj46.webp
574e4eba-18e1-4b92-8aa1-f8223fe65a8c,https://dbmbrwmygpnhjyyccbjp.supabase.co/storage/v1/object/public/images/books/574e4eba-18e1-4b92-8aa1-f8223fe65a8c/cover/1771532182187-oszz8v.webp
8a0b6f40-7e91-48cc-bfe7-8ff42dc8d2af,https://dbmbrwmygpnhjyyccbjp.supabase.co/storage/v1/object/public/images/books/covers/8a0b6f40-7e91-48cc-bfe7-8ff42dc8d2af/1774354980885-611y0id.jpg
e048d4c9-394a-454a-98bc-529c6d484b8f,https://dbmbrwmygpnhjyyccbjp.supabase.co/storage/v1/object/public/images/books/e048d4c9-394a-454a-98bc-529c6d484b8f/cover/1771532216777-5hp47h.webp
5b96ed5d-9253-47be-ba76-da4ea4a32a61,https://dbmbrwmygpnhjyyccbjp.supabase.co/storage/v1/object/public/images/books/covers/5b96ed5d-9253-47be-ba76-da4ea4a32a61/1775118378600-4tc7p9.webp
8c38d588-44af-43c7-8253-eaad58cce80a,https://dbmbrwmygpnhjyyccbjp.supabase.co/storage/v1/object/public/images/books/covers/8c38d588-44af-43c7-8253-eaad58cce80a/1774357285838-eowts.jpg
2931eeaf-57e8-4c21-bb65-1b9218e7034d,https://dbmbrwmygpnhjyyccbjp.supabase.co/storage/v1/object/public/images/books/covers/2931eeaf-57e8-4c21-bb65-1b9218e7034d/1774357149401-e6wz26.jpg
c4a0886d-244f-4d7c-8179-e26b56c51b46,https://dbmbrwmygpnhjyyccbjp.supabase.co/storage/v1/object/public/images/books/c4a0886d-244f-4d7c-8179-e26b56c51b46/cover/1775122840999-6wgbw1.webp
e1bc76e2-d3fb-4209-a2e1-b594f9d03a1e,https://dbmbrwmygpnhjyyccbjp.supabase.co/storage/v1/object/public/images/books/covers/e1bc76e2-d3fb-4209-a2e1-b594f9d03a1e/1775118195435-m7ae2f.webp
09ae1e0b-13b8-4010-805f-c3b8688e762a,https://dbmbrwmygpnhjyyccbjp.supabase.co/storage/v1/object/public/images/books/09ae1e0b-13b8-4010-805f-c3b8688e762a/cover/1775122852797-y22fyf.webp
b430b8f4-936d-449b-993b-7d1f667ce417,https://dbmbrwmygpnhjyyccbjp.supabase.co/storage/v1/object/public/images/books/covers/b430b8f4-936d-449b-993b-7d1f667ce417/1775047094941-ovlo47.webp
0696ed63-6db8-45fc-a397-834f486a4259,https://dbmbrwmygpnhjyyccbjp.supabase.co/storage/v1/object/public/images/books/0696ed63-6db8-45fc-a397-834f486a4259/cover/1775122882746-sicab.webp
0b27feac-0f4c-425b-b5e9-49e3475e3033,https://dbmbrwmygpnhjyyccbjp.supabase.co/storage/v1/object/public/images/books/0b27feac-0f4c-425b-b5e9-49e3475e3033/cover/1775122866511-7z73fq.webp
15f18b91-2d7d-4301-be38-2b9e894c35e2,https://dbmbrwmygpnhjyyccbjp.supabase.co/storage/v1/object/public/images/books/covers/15f18b91-2d7d-4301-be38-2b9e894c35e2/1775058744488-xw3ben.webp
bfba9cfa-032e-4a30-82a3-a570bee280f8,https://dbmbrwmygpnhjyyccbjp.supabase.co/storage/v1/object/public/images/books/bfba9cfa-032e-4a30-82a3-a570bee280f8/cover/1775122924253-nxmz5j.webp
1b563ed7-abec-48bc-82ec-a154eb85fbbb,https://dbmbrwmygpnhjyyccbjp.supabase.co/storage/v1/object/public/images/books/covers/1b563ed7-abec-48bc-82ec-a154eb85fbbb/1775059891568-xqbrp8.webp
52864992-15e7-49ff-b6f2-c4d98db8be74,https://dbmbrwmygpnhjyyccbjp.supabase.co/storage/v1/object/public/images/books/covers/52864992-15e7-49ff-b6f2-c4d98db8be74/1775060401634-w2qqr.webp
053b6698-4f89-4b5c-99ec-0c4cdc2e3848,https://dbmbrwmygpnhjyyccbjp.supabase.co/storage/v1/object/public/images/books/053b6698-4f89-4b5c-99ec-0c4cdc2e3848/cover/1775122951898-0duyqmj.webp
c58cd9ac-bffc-4f7e-8235-fe562bc477d7,https://dbmbrwmygpnhjyyccbjp.supabase.co/storage/v1/object/public/images/books/c58cd9ac-bffc-4f7e-8235-fe562bc477d7/cover/1775122938066-xqxdxd.webp
4fed14ee-99c3-4f55-b8de-f03f122136da,https://dbmbrwmygpnhjyyccbjp.supabase.co/storage/v1/object/public/images/books/covers/4fed14ee-99c3-4f55-b8de-f03f122136da/1775060612931-ihblyf.webp
3a4fad90-1100-4d34-ab2c-a89dc13c22c7,https://dbmbrwmygpnhjyyccbjp.supabase.co/storage/v1/object/public/images/books/covers/3a4fad90-1100-4d34-ab2c-a89dc13c22c7/1775060718703-ohvpr2.webp
daf173fc-d08d-47d0-bbe4-2d4415b952b3,https://dbmbrwmygpnhjyyccbjp.supabase.co/storage/v1/object/public/images/books/daf173fc-d08d-47d0-bbe4-2d4415b952b3/cover/1775122965148-zrqs4.webp
79acab79-a3f9-4726-af38-53da2b9899a5,https://dbmbrwmygpnhjyyccbjp.supabase.co/storage/v1/object/public/images/books/covers/79acab79-a3f9-4726-af38-53da2b9899a5/1775065892028-xi508.webp
cce2f93c-a953-44f7-857f-8a3f7a6b9b03,https://dbmbrwmygpnhjyyccbjp.supabase.co/storage/v1/object/public/images/books/cce2f93c-a953-44f7-857f-8a3f7a6b9b03/cover/1775122910148-dx6vtl.webp
38e8fc41-c352-49e7-bb2d-294a6e06c5bc,https://dbmbrwmygpnhjyyccbjp.supabase.co/storage/v1/object/public/images/books/covers/38e8fc41-c352-49e7-bb2d-294a6e06c5bc/1775082106072-v5wme.webp
e0c60134-c5f2-4f21-bd29-5d3d9c2e8dd1,https://dbmbrwmygpnhjyyccbjp.supabase.co/storage/v1/object/public/images/books/e0c60134-c5f2-4f21-bd29-5d3d9c2e8dd1/cover/1774434238824-undw4.webp
62594688-b693-40d3-91fb-ca44b63b66d9,https://dbmbrwmygpnhjyyccbjp.supabase.co/storage/v1/object/public/images/books/62594688-b693-40d3-91fb-ca44b63b66d9/cover/1771532427674-reh0jby.webp
797a551f-b7fd-4e6a-9aaf-9ab440d7b1b9,https://dbmbrwmygpnhjyyccbjp.supabase.co/storage/v1/object/public/images/books/797a551f-b7fd-4e6a-9aaf-9ab440d7b1b9/cover/1774434226427-f5pnhb.webp
cadd4597-c59e-4fa8-a373-a08e6b782513,https://dbmbrwmygpnhjyyccbjp.supabase.co/storage/v1/object/public/images/books/covers/cadd4597-c59e-4fa8-a373-a08e6b782513/1775083236924-0071x.webp
f867398c-aed9-48bd-9a78-a550e7f69124,https://dbmbrwmygpnhjyyccbjp.supabase.co/storage/v1/object/public/images/books/f867398c-aed9-48bd-9a78-a550e7f69124/cover/1774434287832-kwzlal.webp
e4a99ce8-6c25-4aef-b362-3d3333ee72f0,https://dbmbrwmygpnhjyyccbjp.supabase.co/storage/v1/object/public/images/books/e4a99ce8-6c25-4aef-b362-3d3333ee72f0/cover/1771531581188-t9ve7.webp
dd3a4650-03b3-409d-adc4-ef8e68e1b9e9,https://dbmbrwmygpnhjyyccbjp.supabase.co/storage/v1/object/public/images/books/dd3a4650-03b3-409d-adc4-ef8e68e1b9e9/cover/1771531567829-hd00h.webp
b8542562-b4ec-4bf2-b91a-086ab486f710,https://dbmbrwmygpnhjyyccbjp.supabase.co/storage/v1/object/public/images/books/b8542562-b4ec-4bf2-b91a-086ab486f710/cover/1774434263272-hrqmld.webp
ac0eefa2-a22e-4aea-b11a-0fc6cb79691a,https://dbmbrwmygpnhjyyccbjp.supabase.co/storage/v1/object/public/images/books/ac0eefa2-a22e-4aea-b11a-0fc6cb79691a/cover/1775115544742-f2ylzc.webp
402406d1-9c6c-4f2b-bd43-170497fa0830,https://dbmbrwmygpnhjyyccbjp.supabase.co/storage/v1/object/public/images/books/402406d1-9c6c-4f2b-bd43-170497fa0830/cover/1771532434888-eo646g.webp
9638a528-37b3-43de-8faa-887952a09918,https://dbmbrwmygpnhjyyccbjp.supabase.co/storage/v1/object/public/images/books/9638a528-37b3-43de-8faa-887952a09918/cover/1771532265529-3mgvcc.webp
eb92a0ce-03f1-49f2-b3b5-570a0cce5dd2,https://dbmbrwmygpnhjyyccbjp.supabase.co/storage/v1/object/public/images/books/eb92a0ce-03f1-49f2-b3b5-570a0cce5dd2/cover/1771531844525-8i1rvg.webp
ff23be66-0833-4a9b-9c49-be0138c3f6f0,https://dbmbrwmygpnhjyyccbjp.supabase.co/storage/v1/object/public/images/books/ff23be66-0833-4a9b-9c49-be0138c3f6f0/cover/1775115561710-g1hkkm.webp
cc029e99-3205-4c7e-a141-a75531737574,https://dbmbrwmygpnhjyyccbjp.supabase.co/storage/v1/object/public/images/books/cc029e99-3205-4c7e-a141-a75531737574/cover/1775115574703-j0sv29.webp
d2d4d0f7-9e4d-4b69-8e46-0507b675d042,https://dbmbrwmygpnhjyyccbjp.supabase.co/storage/v1/object/public/images/books/d2d4d0f7-9e4d-4b69-8e46-0507b675d042/cover/1775115592514-ma7qt4.webp
4404af4c-3938-4ba9-a0da-604c2d7d92f9,https://dbmbrwmygpnhjyyccbjp.supabase.co/storage/v1/object/public/images/books/4404af4c-3938-4ba9-a0da-604c2d7d92f9/cover/1775115605789-o6mci7.webp
40c23d4e-553c-43a9-af8a-9da2f184047a,https://dbmbrwmygpnhjyyccbjp.supabase.co/storage/v1/object/public/images/books/40c23d4e-553c-43a9-af8a-9da2f184047a/cover/1771487936696-u7zcak.webp
bcefd91b-6d3e-4763-838b-1ec4c18db81d,https://dbmbrwmygpnhjyyccbjp.supabase.co/storage/v1/object/public/images/books/bcefd91b-6d3e-4763-838b-1ec4c18db81d/cover/1771487717174-swzlx.webp
e4be42cb-9f06-4840-9986-03099018574e,https://dbmbrwmygpnhjyyccbjp.supabase.co/storage/v1/object/public/images/books/e4be42cb-9f06-4840-9986-03099018574e/cover/1775115667344-eo0l2.webp
ad42b8e6-24cb-47e3-9468-e7286de35b90,https://dbmbrwmygpnhjyyccbjp.supabase.co/storage/v1/object/public/images/books/ad42b8e6-24cb-47e3-9468-e7286de35b90/cover/1771523595128-q4qbns.webp
d85034b9-3000-47a0-899b-e8cd688c755d,https://dbmbrwmygpnhjyyccbjp.supabase.co/storage/v1/object/public/images/books/d85034b9-3000-47a0-899b-e8cd688c755d/cover/1775115675060-ckzi9i.webp
3d993b15-f140-4165-86d6-3c69fb7f9c75,https://dbmbrwmygpnhjyyccbjp.supabase.co/storage/v1/object/public/images/books/3d993b15-f140-4165-86d6-3c69fb7f9c75/cover/1775123023390-tyfk5e.webp
a9cbf58d-21f0-47d1-826d-d82f069bf956,https://dbmbrwmygpnhjyyccbjp.supabase.co/storage/v1/object/public/images/books/a9cbf58d-21f0-47d1-826d-d82f069bf956/cover/1775123007352-tldyw.webp
2e1ed03a-9105-4316-8f89-defb9df35efb,https://dbmbrwmygpnhjyyccbjp.supabase.co/storage/v1/object/public/images/books/2e1ed03a-9105-4316-8f89-defb9df35efb/cover/1775122994138-zek6hk.webp
4a2f115f-0552-4525-8ae2-8b28ca23433a,https://dbmbrwmygpnhjyyccbjp.supabase.co/storage/v1/object/public/images/books/4a2f115f-0552-4525-8ae2-8b28ca23433a/cover/1775122979035-1s0v2o.webp
c63f2baa-b193-4396-a3e2-48436de41244,https://dbmbrwmygpnhjyyccbjp.supabase.co/storage/v1/object/public/images/books/covers/c63f2baa-b193-4396-a3e2-48436de41244/1775005794081-swodua.webp